<?xml version='1.0' encoding='windows-1252' ?>
<!-- saved from url=(0014)about:internet -->
<fts>
<chunkinfo url="whfwdata0.xml" first="0" last="choic"/>
<chunkinfo url="whfwdata1.xml" first="choos" last="enabl"/>
<chunkinfo url="whfwdata2.xml" first="encrypt" last="key"/>
<chunkinfo url="whfwdata3.xml" first="keyboard" last="party"/>
<chunkinfo url="whfwdata4.xml" first="pas" last="shift"/>
<chunkinfo url="whfwdata5.xml" first="ship" last="will"/>
<chunkinfo url="whfwdata6.xml" first="window" last="zwc"/>

<tchunkinfo first="0" last="98" url="whftdata0.xml" />
<tchunkinfo first="99" last="102" url="whftdata1.xml" />

</fts>
