<?xml version='1.0' encoding='windows-1252' ?>
<!-- saved from url=(0014)about:internet -->
<fts>
<chunkinfo url="whfwdata0.xml" first="0" last="cisco"/>
<chunkinfo url="whfwdata1.xml" first="city" last="enough"/>
<chunkinfo url="whfwdata2.xml" first="ensur" last="layout"/>
<chunkinfo url="whfwdata3.xml" first="ldap" last="personal"/>
<chunkinfo url="whfwdata4.xml" first="phon" last="so"/>
<chunkinfo url="whfwdata5.xml" first="soft" last="zimbraaccount"/>
<chunkinfo url="whfwdata6.xml" first="zimbradistributionlist" last="zwc"/>

<tchunkinfo first="0" last="99" url="whftdata0.xml" />

</fts>
