<?xml version='1.0' encoding='windows-1252' ?>
<!-- saved from url=(0014)about:internet -->
<ftswdata>
<key name="city"> 28, </key>
<key name="clam"> 47, </key>
<key name="clamav"> 47, </key>
<key name="clas"> 11,7,66,41,96,3,48,4,22,28,5,91,92,26,53,93,30,44,6,34,15, </key>
<key name="classify"> 37, </key>
<key name="clear"> 17,50,51,52,58,59, </key>
<key name="cli"> 13,59,95, </key>
<key name="click"> 11,17,66,41,8,18,96,19,3,84,9,20,21,40,22,23,28,5,25,10,24,67,97,69,26,0,42,43,70,16,71,72,65,44,95,73,81,29,34,32,1,98,33,61,87,89,99,74,62,36,75,35,76,77,63,64, </key>
<key name="clickabl"> 17,61, </key>
<key name="client"> 17,39,20,21,4,52,58,40,22,5,10,91,92,26,27,93,95,56,14,29,61,37, </key>
<key name="clos"> 18,19,20,38,30,32, </key>
<key name="cn"> 45,69,74,76, </key>
<key name="co"> 11,17,66,41,96,3,39,48,20,21,4,45,22,28,5,92,97,26,27,53,93,54,95,14,6,86,29,34,31,61,87,88,99,15,37,63, </key>
<key name="collaboration"> 12,7,46,47,38,10,95,15,37,94,64, </key>
<key name="colleagu"> 37, </key>
<key name="collect"> 7,10, </key>
<key name="color"> 91,37, </key>
<key name="column"> 11,3,97,26,63, </key>
<key name="com"> 45,38,40,22,69,27,95,81,74, </key>
<key name="com_zimbra_dat"> 95, </key>
<key name="com_zimbra_email"> 95, </key>
<key name="com_zimbra_phon"> 95, </key>
<key name="com_zimbra_url"> 95, </key>
<key name="combin"> 45, </key>
<key name="combination"> 14,88, </key>
<key name="comma"> 25,74, </key>
<key name="command"> 22,13,59,61, </key>
<key name="commercial"> 52, </key>
<key name="commit"> 3,23,34,89, </key>
<key name="common"> 48,49,45,25,69,53,30,57,74,37,35,76, </key>
<key name="company"> 18,45,40,22,25,26,95, </key>
<key name="complet"> 66,41,18,19,39,45,40,22,23,25,91,69,42,43,70,16,71,65,95,32,74,15,37,35,76,77, </key>
<key name="complex"> 17,19,14,35, </key>
<key name="compos"> 26,29,31,57,37, </key>
<key name="compres"> 59,64, </key>
<key name="compression"> 59,64, </key>
<key name="compromis"> 56, </key>
<key name="comput"> 49,0,99,76,77, </key>
<key name="computer"> 61, </key>
<key name="concern"> 39, </key>
<key name="concurrenc"> 72, </key>
<key name="condition"> 37, </key>
<key name="conduct"> 73,76, </key>
<key name="configur"> 11,17,66,41,19,46,47,48,49,85,4,45,38,50,51,52,58,40,22,23,28,91,92,27,53,42,43,55,93,30,44,54,95,60,14,86,29,31,61,88,15,37,76,77,63,64, </key>
<key name="configuration"> 11,17,41,8,96,9,20,45,38,40,22,10,26,0,42,43,13,44,59,95,29,1,98,99,37, </key>
<key name="confirm"> 89, </key>
<key name="confus"> 57, </key>
<key name="connect"> 41,52,58,70,16,65,59,73,77, </key>
<key name="connection"> 38,50,51,59, </key>
<key name="consecutiv"> 17,20,87, </key>
<key name="consid"> 22,5, </key>
<key name="consider"> 46,38, </key>
<key name="consist"> 7, </key>
<key name="consistent"> 72, </key>
<key name="consol"> 11,7,8,84,9,52,58,40,0,70,16,13,44,95,60,14,99,15,35,76,77,94, </key>
<key name="consolidat"> 79, </key>
<key name="constraint"> 4,5,6, </key>
<key name="construct"> 45,69,74, </key>
<key name="contact"> 17,22,28,25,26,72,30,95,14,29,33,89,15,37,76,77, </key>
<key name="contain"> 7,84,79,5,25,10,65,30,13,34,61,89,74,37,77, </key>
<key name="content"> 11,7,17,19,20,4,22,23,28,5,25,10,0,30,59,95,60,81,34,32,1,98,61,89,99,36,35,82,83, </key>
<key name="continu"> 17,3,40,69,27,42,72,81,74, </key>
<key name="control"> 41,18,9,4,52,25,10, </key>
<key name="conversation"> 12,29,37, </key>
<key name="convert"> 76,77, </key>
<key name="cooki"> 61, </key>
<key name="copy"> 26,27,70,16, </key>
<key name="copyright"> 94, </key>
<key name="corn"> 29, </key>
<key name="corporat"> 45, </key>
<key name="correct"> 17,43,87, </key>
<key name="corrupt"> 78,30,81,32, </key>
<key name="cos"> 5,99, </key>
<key name="could"> 78,17,18,4,28,25,81,35, </key>
<key name="count"> 11,79,60, </key>
<key name="creat"> 11,7,17,66,41,19,46,47,3,21,4,52,40,22,23,28,5,25,10,91,67,26,0,27,2,42,43,30,13,44,95,73,60,14,86,29,89,88,99,74,75,15,37,35,76,64, </key>
<key name="criteria"> 19,37,35, </key>
<key name="cronntab"> 80, </key>
<key name="current"> 11,92,72,93,59,77,64, </key>
<key name="custom"> 0,14,1,98, </key>
<key name="customiz"> 91,92,93, </key>
<key name="customization"> 91, </key>
<key name="dai"> 80,60, </key>
<key name="dat"> 17,72,95,29,31,37,76,77, </key>
<key name="data"> 11,79,72,59,82,64, </key>
<key name="databas"> 74, </key>
<key name="day"> 11,17,79,4,60,86,31,61,87,37, </key>
<key name="dc"> 45,38, </key>
<key name="decid"> 76,77, </key>
<key name="declin"> 28, </key>
<key name="deem"> 79, </key>
<key name="def"> 78, </key>
<key name="default"> 11,17,66,41,96,19,47,4,45,38,50,51,52,58,22,28,5,10,91,92,68,26,43,55,93,44,54,59,95,56,14,86,29,31,61,87,99,37,76,77,64, </key>
<key name="defer"> 78,11,60,81, </key>
<key name="defin"> 11,12,7,41,18,47,4,45,38,22,5,26,30,54,59,95,15,37,76,77,64, </key>
<key name="delay"> 80, </key>
<key name="delegat"> 12, </key>
<key name="delet"> 11,7,17,41,9,20,21,23,28,5,25,10,24,27,72,30,59,60,81,31,32,1,98,37,76,77,63,64, </key>
<key name="deliver"> 78,17,46,47,20,79,27,81,99,62,64, </key>
<key name="deliveri"> 80, </key>
<key name="delivery"> 78,48,52,58,80,27,90,59,81,57,37,35, </key>
<key name="deni"> 4,5, </key>
<key name="department"> 45,22, </key>
<key name="depend"> 79,32, </key>
<key name="deploy"> 11,96,91,26,0,95,99, </key>
<key name="deployment"> 95, </key>
<key name="deposit"> 32, </key>
<key name="descend"> 79,60,63, </key>
<key name="describ"> 41,25,42,43, </key>
<key name="description"> 11,17,41,4,22,28,5,25,44,59,14,88, </key>
<key name="descriptiv"> 28, </key>
<key name="deselect"> 5, </key>
<key name="design"> 49, </key>
<key name="designat"> 22,28,55,57, </key>
<key name="desir"> 20, </key>
<key name="desk"> 11,70,16,76,77, </key>
<key name="destination"> 67,69,70,16,60,74,75,76,77, </key>
<key name="detail"> 11,41,19,28,42,43,70,16,30,59,95,81,15,37, </key>
<key name="determin"> 46,20,4,45,58,5,72,65,6,61,76,77, </key>
<key name="develop"> 95,37, </key>
<key name="dialog"> 41,8,3,9,22,23,10,67,69,0,70,16,72,65,29,32,89,99,74,75,76,77, </key>
<key name="different"> 7,66,3,48,79,4,5,53,59,81,14,6,57,74,15,37, </key>
<key name="digit"> 17, </key>
<key name="direct"> 52,42,43,44,37, </key>
<key name="directory"> 41,45,38,22,28,25,42,43,65,44,14,86,34,89,88,74,76,77,64, </key>
<key name="disabl"> 11,17,46,39,48,20,45,52,58,5,97,27,53,54,95,14,6,98,37, </key>
<key name="disapprov"> 56, </key>
<key name="discard"> 72, </key>
<key name="disk"> 11,17,21,79,22,60,63, </key>
<key name="disparat"> 95, </key>
<key name="display"> 11,7,41,8,18,19,39,9,79,4,40,22,23,28,25,10,91,69,26,0,27,2,42,43,71,72,65,30,59,95,60,81,14,6,29,32,33,74,75,37,35,76,77,82,63,64, </key>
<key name="distinguish"> 68,74, </key>
<key name="distribution"> 11,41,18,19,45,25,10,24,26,72,30,14,15,35, </key>
<key name="divid"> 81, </key>
<key name="dll"> 77, </key>
<key name="dn"> 45,38,52,58,40,68,69,42,43,54,59,56,74, </key>
<key name="do"> 66,39,48,49,40,28,10,97,26,27,53,56,32, </key>
<key name="document"> 78,11,12,7,41,8,9,21,10,44,95,37,35, </key>
<key name="documentation"> 11,91,0,73, </key>
<key name="domain"> 11,7,17,66,41,8,19,9,4,45,38,52,58,40,22,23,5,10,67,69,42,43,55,30,44,54,73,60,81,56,14,34,74,15,37,35,76,77, </key>
<key name="domino"> 68,69,72,65,14,77, </key>
<key name="don"> 49,25,30, </key>
<key name="doubl"> 23,89, </key>
<key name="down"> 8,3,45,23,35, </key>
<key name="download"> 11,47,81,14,15,76,77, </key>
<key name="downtim"> 72, </key>
<key name="drop"> 8,3,23,35, </key>
<key name="duplicat"> 72, </key>
<key name="duration"> 17, </key>
<key name="e"> 52,22,74, </key>
<key name="�"> 84,89, </key>
<key name="earli"> 72,81, </key>
<key name="easi"> 0, </key>
<key name="easy"> 91,37, </key>
<key name="edit"> 11,7,8,18,96,9,20,21,40,23,5,10,92,97,26,2,42,43,93,30,44,59,32,33,89,36, </key>
<key name="effect"> 17,20,59, </key>
<key name="eith"> 78,17,41,18,45,25,92,69,42,43,93,59,95,81,29,34,31,61,87,74,37,76,63,64, </key>
<key name="elaborat"> 91, </key>
<key name="elaps"> 17, </key>
<key name="elsewher"> 54, </key>
<key name="email"> 11,17,66,8,19,46,48,49,21,45,52,22,23,28,25,10,69,26,27,2,53,72,30,54,95,60,14,6,29,31,57,74,36,15,37,76,77,63, </key>
<key name="embed"> 7, </key>
<key name="employe"> 4,45, </key>
<key name="empty"> 64, </key>
<key name="enabl"> 11,7,17,96,46,47,39,84,4,45,50,51,52,58,22,5,25,10,92,26,27,55,93,54,59,95,56,14,6,86,29,87,99,37, </key>
<key name="encrypt"> 47,50,51,86,89, </key>
<key name="end"> 4,5,29,15, </key>
<key name="enforc"> 14,86,34, </key>
<key name="enhanc"> 0,95,37, </key>
<key name="enhancement"> 14, </key>
<key name="enlarg"> 19, </key>
<key name="enough"> 48, </key>

</ftswdata>  
