<?xml version='1.0' encoding='windows-1252' ?>
<!-- saved from url=(0014)about:internet -->
<ftswdata>
<key name="ship"> 101, </key>
<key name="shortcut"> 14,29, </key>
<key name="shortnam"> 65, </key>
<key name="should"> 17,66,99,46,3,9,38,50,51,22,5,25,10,95,69,27,71,43,74,65,96,89,57,101,90,76,78,79,80, </key>
<key name="show"> 11,18,82,4,23,26,30,59,84,14,29,63,64, </key>
<key name="shown"> 66,28,78,79,80, </key>
<key name="sid"> 19,74, </key>
<key name="sign"> 19,13, </key>
<key name="signatur"> 29, </key>
<key name="similar"> 52,58, </key>
<key name="simp"> 94, </key>
<key name="simultaneous"> 74,37,78,79,80, </key>
<key name="sinc"> 74, </key>
<key name="singl"> 38,52,69,71,55,75,84,76,37,78, </key>
<key name="sit"> 28,55, </key>
<key name="siz"> 17,82,52,54,59,60,37,78,79,80,63,64, </key>
<key name="skyp"> 98, </key>
<key name="smith"> 22,76, </key>
<key name="smtp"> 52,58,56,57,80, </key>
<key name="sn"> 45, </key>
<key name="snapshot"> 84, </key>
<key name="snmp"> 11,59,60,85, </key>
<key name="so"> 47,45,52,58,28,26,2,98,56, </key>
<key name="soft"> 20, </key>
<key name="softwar"> 46,47,98, </key>
<key name="sort"> 12,82,60,63, </key>
<key name="sourc"> 12,69,71,65,76,77,78,79,80, </key>
<key name="spac"> 17,21,82,22,5,25,60,63, </key>
<key name="spam"> 81,11,17,46,82,52,54,59,60,56,31,85, </key>
<key name="spamassassin"> 46, </key>
<key name="specifi"> 17,66,19,20,45,38,23,27,70,65,30,75,14,90,78, </key>
<key name="specific"> 11,41,19,3,49,82,4,45,38,23,5,25,95,69,53,71,96,30,54,60,84,14,90,76,35, </key>
<key name="specification"> 98, </key>
<key name="specify"> 19,3,40,28,69,27,42,65,90,37,78,79,80, </key>
<key name="spell"> 59,85, </key>
<key name="split"> 55, </key>
<key name="spread"> 49, </key>
<key name="spreadsheet"> 7, </key>
<key name="ssl"> 41,45,38,50,51,52,58,42,43,55,72,59, </key>
<key name="standard"> 12,56,29,76, </key>
<key name="start"> 67,16,72,13,32,78,79,80, </key>
<key name="stat"> 48,28,53, </key>
<key name="statistic"> 11,21,82,60,15,63, </key>
<key name="statu"> 11,17,66,19,48,20,88,22,28,26,30,59,60,32,90,36,77,15,85,64, </key>
<key name="status"> 19,20, </key>
<key name="stay"> 81,22,28,84, </key>
<key name="step"> 41,22,42,43,44,76, </key>
<key name="still"> 20,32,64, </key>
<key name="stop"> 48,13,32,62, </key>
<key name="stor"> 11,59,89,92,76,64, </key>
<key name="storag"> 64, </key>
<key name="str"> 45,29,35, </key>
<key name="street"> 28, </key>
<key name="styl"> 29,37, </key>
<key name="subject"> 46,37, </key>
<key name="subscrib"> 12, </key>
<key name="substr"> 69, </key>
<key name="subtre"> 69,71,76, </key>
<key name="succeed"> 38, </key>
<key name="successful"> 81, </key>
<key name="suggest"> 39,28,37, </key>
<key name="suit"> 12,46,47,38,10,98,15,79,97,64, </key>
<key name="summari"> 84, </key>
<key name="summary"> 41,42,43,60,84, </key>
<key name="sup"> 80, </key>
<key name="suppli"> 38, </key>
<key name="support"> 12, </key>
<key name="sur"> 40,95,96, </key>
<key name="surnam"> 45, </key>
<key name="suspect"> 20, </key>
<key name="suspend"> 62, </key>
<key name="symbol"> 17,22,89, </key>
<key name="syntax"> 19,45, </key>
<key name="system"> 11,49,82,45,5,2,59,98,56,15,79,80,64, </key>
<key name="system32"> 79,80, </key>
<key name="t"> 25,30, </key>
<key name="tab"> 11,8,18,99,46,47,3,39,48,49,9,20,88,21,4,50,51,52,58,40,23,5,10,94,95,100,26,27,96,44,54,59,98,84,14,89,34,31,90,92,102,62,36,37,85,64, </key>
<key name="tag"> 12,46,82,30,14,29,37,78,79,80,86, </key>
<key name="tak"> 48,20,53,59,32, </key>
<key name="target"> 77,78,79,80, </key>
<key name="task"> 2,74,30,13,15, </key>
<key name="telephon"> 26, </key>
<key name="templat"> 7,41,10, </key>
<key name="temporari"> 81,48,20,88,90, </key>
<key name="temporary"> 75,78, </key>
<key name="ten"> 18,25, </key>
<key name="term"> 43, </key>
<key name="test"> 41,42,43, </key>
<key name="text"> 41,8,39,50,51,42,43,59,29,76,37, </key>
<key name="them"> 81,18,47,4,22,5,94,95,26,96,98,84,37,64, </key>
<key name="third"> 98,37, </key>
<key name="thoroughnes"> 45, </key>
<key name="thos"> 48,49,4,53,55,74, </key>
<key name="though"> 4, </key>
<key name="thre"> 38,35, </key>
<key name="thread"> 50,51,59,29, </key>
<key name="threshold"> 59,64, </key>
<key name="thu"> 28, </key>
<key name="thumbnail"> 98, </key>
<key name="thunderbird"> 37, </key>
<key name="tim"> 81,11,17,66,18,87,22,28,5,25,67,69,2,54,60,84,14,89,32,61,90,92,37,78,79,80,85, </key>
<key name="timeout"> 17,58,26,59,61, </key>
<key name="timezon"> 29, </key>
<key name="tip"> 23,30, </key>
<key name="tl"> 52,58,59, </key>
<key name="token"> 17,61, </key>
<key name="told"> 87, </key>
<key name="too"> 84, </key>
<key name="tool"> 11,22,23,5,30,13,32,15,78, </key>
<key name="toolbar"> 11,41,8,19,87,9,22,23,28,5,10,26,42,43,30,44,92, </key>
<key name="topic"> 72, </key>
<key name="total"> 19,82,83,30, </key>
<key name="trac"> 13, </key>
<key name="traffic"> 62, </key>
<key name="train"> 46, </key>
<key name="transaction"> 52,58, </key>
<key name="transf"> 93, </key>
<key name="transfer"> 93, </key>
<key name="trash"> 17,28,31,79,80, </key>
<key name="tri"> 38,91, </key>
<key name="trig"> 90, </key>
<key name="troubl"> 30,86, </key>
<key name="troubleshoot"> 84, </key>
<key name="trust"> 52,58,70, </key>
<key name="try"> 20,58, </key>
<key name="turn"> 46,102,37,85, </key>
<key name="two"> 66,46,47,94,2,74,84, </key>
<key name="typ"> 8,18,19,39,48,49,9,45,22,28,5,25,10,53,42,43,74,30,59,98,60,84,56,76,15,37,35,64, </key>
<key name="u"> 38, </key>
<key name="ui"> 17,4,5,94,95,26,0,96,37, </key>
<key name="uid"> 79, </key>
<key name="un"> 62, </key>
<key name="unauthoriz"> 48,49,20,53, </key>
<key name="unavailabl"> 28,74,36, </key>
<key name="unchang"> 17, </key>
<key name="uncheck"> 3,22, </key>
<key name="undeploy"> 1,101, </key>
<key name="unifi"> 11,35, </key>
<key name="uninstal"> 1,101, </key>
<key name="uninstall"> 98,14, </key>
<key name="uniqu"> 81,17,89, </key>
<key name="uniquenes"> 14,91, </key>
<key name="unit"> 65, </key>
<key name="unknown"> 52, </key>
<key name="unles"> 28, </key>
<key name="unlimit"> 17,4,23,26,37,63, </key>
<key name="unlock"> 20,88, </key>
<key name="unprovision"> 78,79,80, </key>
<key name="unread"> 46, </key>
<key name="unreadabl"> 81, </key>
<key name="unsolicit"> 46,52, </key>
<key name="up"> 17,41,45,50,51,40,22,2,55,74,89,90,92,102,37,78,79,80, </key>
<key name="updat"> 18,47,4,67,26,84,29,97, </key>
<key name="upload"> 7,52,0,14,102, </key>
<key name="url"> 11,45,38,40,42,43, </key>
<key name="us"> 11,12,7,17,66,41,8,99,19,46,3,87,9,20,21,82,4,45,38,40,22,28,5,25,10,94,95,67,68,69,26,0,27,70,71,42,43,16,72,74,65,93,96,30,44,98,75,60,84,14,89,29,34,32,57,61,90,92,76,15,37,35,78,79,80,63,86,64, </key>
<key name="usag"> 11,82,25,26,89, </key>
<key name="useful"> 28,55, </key>
<key name="user"> 7,17,66,41,8,46,39,48,9,20,88,21,4,45,38,52,58,40,22,28,5,25,10,94,95,69,26,27,2,71,74,65,96,30,98,14,89,29,34,31,32,90,92,91,76,62,15,37,78,79,80,63,86, </key>
<key name="usernam"> 41,70,16,72,65, </key>
<key name="usual"> 6, </key>
<key name="utiliti"> 13, </key>
<key name="utility"> 14, </key>
<key name="utiliz"> 78,79, </key>
<key name="vacation"> 37, </key>
<key name="valid"> 17,8,38,40, </key>
<key name="valu"> 45,22,26,43,54,6, </key>
<key name="variabl"> 80, </key>
<key name="variant"> 94, </key>
<key name="variou"> 11,45,5, </key>
<key name="verifi"> 45,25, </key>
<key name="verification"> 77,78,79,80, </key>
<key name="verify"> 1,101, </key>
<key name="version"> 97, </key>
<key name="via"> 49,59, </key>
<key name="view"> 81,11,7,17,46,48,20,21,82,4,23,28,5,25,10,94,0,53,30,60,84,14,6,29,61,37,85,63,86, </key>
<key name="violat"> 56, </key>
<key name="violator"> 56, </key>
<key name="virtual"> 11,41,40,44, </key>
<key name="viru"> 81,11,47,48,82,54,59,60,85, </key>
<key name="virus"> 49,82, </key>
<key name="voip"> 98, </key>
<key name="volum"> 11,82,59,60,64, </key>
<key name="wait"> 29, </key>
<key name="walk"> 41, </key>
<key name="want"> 66,41,19,39,22,5,25,10,95,55,96,30,56,34,1,101,76, </key>
<key name="warn"> 73,78,79,80, </key>
<key name="warning"> 73,78,79,80, </key>
<key name="way"> 18,30, </key>
<key name="web"> 12,7,39,21,4,52,58,40,22,5,10,94,95,26,27,96,59,98,14,29,57,61,37, </key>
<key name="webmail"> 17,57, </key>
<key name="websit"> 98, </key>
<key name="week"> 37, </key>
<key name="welcom"> 78,79,80, </key>
<key name="well"> 12, </key>
<key name="what"> 4,22,5,74,56,6,35,63, </key>
<key name="whenev"> 34, </key>
<key name="wheth"> 11,20,4,45,38,22,74,59,14,37,78,79,80,64, </key>
<key name="whil"> 81,73,74,98,84,32,78,79,80, </key>
<key name="whos"> 25,30,59,64, </key>
<key name="wid"> 11, </key>
<key name="wiki"> 11,41,10,94,35, </key>
<key name="will"> 17,66,41,48,21,58,22,23,5,10,67,69,27,71,74,98,75,29,31,90,76,77,78,79,80,63, </key>

</ftswdata>  
