<?xml version='1.0' encoding='windows-1252' ?>
<!-- saved from url=(0014)about:internet -->
<ftswdata>
<key name="ldap"> 11,41,39,45,38,22,28,68,69,42,43,44,59,60,86,34,89,99,74,77,82, </key>
<key name="least"> 89, </key>
<key name="leav"> 18,25, </key>
<key name="left"> 11,18,3,25,42,72,29,35, </key>
<key name="legitimat"> 38, </key>
<key name="length"> 17,4,5,14,86,88, </key>
<key name="lessen"> 39, </key>
<key name="let"> 19,48,4,45,22,92,69,26,53,72,93,30,37,35,83, </key>
<key name="level"> 41,39,4,52,58,72,34, </key>
<key name="lifetim"> 17,4,22,28,5,14,6,31,61,88, </key>
<key name="like"> 72, </key>
<key name="limit"> 78,17,41,96,21,5,92,69,93,14,61,63, </key>
<key name="lin"> 46,4,22,25,30,13,59,37,64, </key>
<key name="link"> 11,22,10,30,59,6,35, </key>
<key name="list"> 11,17,66,41,8,18,19,3,39,48,49,9,20,4,45,22,23,28,25,10,92,24,67,97,69,26,0,27,53,43,71,72,93,30,59,95,60,81,14,29,34,33,89,99,74,62,36,75,15,37,35,76,77,82,64, </key>
<key name="lmtp"> 90,59,62, </key>
<key name="load"> 39, </key>
<key name="local"> 52,27,90,13,57,37,77, </key>
<key name="location"> 11,28,30,59,57,74,36,64, </key>
<key name="lock"> 17,19,20,85,30,14,86,34,87, </key>
<key name="lockout"> 17,20,85,14,86,87,88, </key>
<key name="log"> 11,17,84,20,85,79,38,40,22,10,80,68,0,2,71,30,59,73,60,14,86,61,87,89,99,62,37,76,77,82,83, </key>
<key name="login"> 17,20,50,51,40,26,44,59,87, </key>
<key name="logon"> 73, </key>
<key name="long"> 17,20,4,58,22,61,87,64, </key>
<key name="look"> 45,37, </key>
<key name="lookup"> 45,52,58,44,59, </key>
<key name="loop"> 57, </key>
<key name="lost"> 76,77, </key>
<key name="lotu"> 65,14,77, </key>
<key name="low"> 17,86,29, </key>
<key name="m"> 60, </key>
<key name="machin"> 59, </key>
<key name="mail"> 78,11,12,66,18,46,47,3,48,49,20,21,4,45,38,52,58,40,22,23,28,5,25,80,26,27,53,55,72,90,30,59,60,81,56,14,29,31,32,57,62,37,35,76,77,83, </key>
<key name="mailbox"> 11,17,66,19,47,3,48,20,21,79,4,22,28,80,69,26,2,70,16,72,90,30,59,73,60,6,29,32,89,74,62,75,37,35,76,77,82,63,83,64, </key>
<key name="maintain"> 78,28,15, </key>
<key name="maintenanc"> 19,48,20,30, </key>
<key name="major"> 14, </key>
<key name="mak"> 9,4,52,58,40,22,91,92,26,93,59,36, </key>
<key name="man"> 20,89, </key>
<key name="manag"> 78,11,46,4,23,5,27,30,13,44,54,59,95,81,14,89,15,37,64, </key>
<key name="management"> 15,64, </key>
<key name="manual"> 17, </key>
<key name="map"> 38, </key>
<key name="mapi"> 73,76, </key>
<key name="mark"> 46,22,92,72,64, </key>
<key name="market"> 69,65,74, </key>
<key name="mas"> 46, </key>
<key name="mat"> 17,87, </key>
<key name="match"> 39,45,38,26,37,35, </key>
<key name="maximum"> 17,41,45,52,43,54,86,37, </key>
<key name="mb"> 17,79,76,77, </key>
<key name="mean"> 17, </key>
<key name="measur"> 61, </key>
<key name="mechanism"> 11,41,38,95, </key>
<key name="meet"> 11,28,72,30,74, </key>
<key name="meeting"> 28,72,30,37,77, </key>
<key name="megabyt"> 17,21, </key>
<key name="memb"> 18,26,30,73,76, </key>
<key name="member"> 41,18,25,99, </key>
<key name="menu"> 23, </key>
<key name="messag"> 78,11,12,17,46,47,48,49,21,79,4,52,22,28,5,80,26,27,2,53,71,72,90,30,13,54,59,95,60,81,56,14,6,29,31,32,57,33,36,37,76,77,63,64, </key>
<key name="message1"> 59,64, </key>
<key name="method"> 38,22, </key>
<key name="microsoft"> 73,76,77, </key>
<key name="might"> 79,69,74, </key>
<key name="migrat"> 67,69,72,65,74,15,76,77, </key>
<key name="migration"> 11,66,69,70,16,72,65,73,14,74,15,76,77, </key>
<key name="migrator"> 77, </key>
<key name="mini"> 19,95,29,35, </key>
<key name="minimum"> 11,17,66,22,28,86, </key>
<key name="minut"> 17,59,29,61,87, </key>
<key name="mis"> 65, </key>
<key name="mod"> 11,41,45,42,43, </key>
<key name="modify"> 47,4,10,26,30,29, </key>
<key name="modul"> 0,14,1, </key>
<key name="monitor"> 78,11,21,28,60,81,15,82, </key>
<key name="month"> 79, </key>
<key name="morn"> 60, </key>
<key name="mous"> 17,23,30,61, </key>
<key name="mov"> 78,11,18,3,23,25,80,30,81,6, </key>
<key name="mt"> 80, </key>
<key name="mta"> 78,11,47,48,20,52,58,80,90,54,59,60,81,56,57,62,15,82, </key>
<key name="multipl"> 18,3,45,38,42,55,59,14,37, </key>
<key name="must"> 17,96,19,84,45,38,52,22,28,5,10,26,27,55,65,59,73,56,86,34,57,87,89,99,74,35,76,77,82,64, </key>
<key name="mx"> 52,58, </key>
<key name="mycompany"> 38, </key>
<key name="�"> 84,89, </key>
<key name="nab"> 69, </key>
<key name="nam"> 78,11,41,18,19,3,4,45,38,51,58,40,22,23,28,5,25,10,67,68,69,26,42,43,70,16,65,30,44,59,14,33,74,62,37,35,76,77,64, </key>
<key name="navigat"> 11,14,29, </key>
<key name="navigation"> 11,79,22,23,28,5,25,24,26,0,59,34,1,98,99,62, </key>
<key name="ne"> 21,22,28,5,10,26,95,73,63, </key>
<key name="necessary"> 19,38,33,99, </key>
<key name="need"> 95, </key>
<key name="network"> 52,58, </key>
<key name="nev"> 17,4,64, </key>
<key name="new"> 78,11,7,17,66,41,96,47,3,84,20,4,40,22,23,28,5,25,10,26,0,42,43,72,30,44,95,73,14,86,29,33,89,99,37,35,76,77,64, </key>
<key name="next"> 11,17,66,41,96,3,84,45,22,28,25,10,92,67,69,42,43,70,16,72,65,93,73,34,89,99,74,75,35, </key>
<key name="nnot"> 77, </key>
<key name="non"> 66, </key>
<key name="nor"> 9,14, </key>
<key name="normal"> 20,34, </key>
<key name="not"> 11,7,66,41,18,48,84,45,22,28,5,25,10,92,67,26,43,72,65,59,81,6,1,89,74,77, </key>
<key name="notebook"> 11,7,8,9,21,25,10,37, </key>
<key name="notic"> 48,49,26,53, </key>
<key name="notifi"> 48,49,21,53,14,63, </key>
<key name="notification"> 46,47,2,37, </key>
<key name="notify"> 10, </key>
<key name="now"> 69,70,16,14,74, </key>
<key name="numb"> 78,11,17,41,19,46,49,20,79,50,51,22,23,28,5,91,80,68,69,26,71,72,30,44,54,59,95,81,14,86,29,31,32,87,75,37,76,77, </key>
<key name="number"> 22,55, </key>
<key name="numeric"> 17, </key>
<key name="�"> 84,89, </key>
<key name="object"> 7,19,4,5,69,74,37, </key>
<key name="objectclas"> 45, </key>
<key name="occupant"> 28, </key>
<key name="occur"> 17,87, </key>
<key name="off"> 46,21,28,72,60,37,82,63, </key>
<key name="offer"> 12,38, </key>
<key name="offic"> 73,37, </key>
<key name="often"> 19,47,81, </key>
<key name="ok"> 9,23,69,71,72,32,89,74, </key>
<key name="old"> 17,21,26,72,86,31,76,77,63,64, </key>
<key name="on"> 78,11,7,66,41,18,19,4,45,38,40,23,28,25,10,91,92,67,69,93,30,44,59,81,6,74,37,76,77,82,64, </key>
<key name="onc"> 22,10,71,72,37, </key>
<key name="open"> 12,19,46,3,48,85,40,22,25,10,0,71,30,73,81,29,32,1,98,61,87,89,99,76,77, </key>
<key name="openldap"> 38, </key>
<key name="operat"> 2, </key>
<key name="operation"> 45,38,72, </key>
<key name="opt"> 98,64, </key>
<key name="option"> 11,66,46,47,39,21,4,52,58,5,91,92,26,27,72,93,13,44,59,14,86,29,89,88,37,35,76,77, </key>
<key name="optional"> 7,41, </key>
<key name="ord"> 79,5,26,65,59,60,82,63, </key>
<key name="organiz"> 12,7,10,72,37,77, </key>
<key name="organization"> 45,65,37, </key>
<key name="origin"> 60,81, </key>
<key name="original"> 29,33, </key>
<key name="originat"> 52,54, </key>
<key name="other"> 7,10, </key>
<key name="otherwis"> 38, </key>
<key name="our"> 95, </key>
<key name="out"> 11,17,19,20,85,14,61,87,37, </key>
<key name="outbound"> 79, </key>
<key name="outbreak"> 48, </key>
<key name="outlook"> 72,37,76, </key>
<key name="output"> 59, </key>
<key name="outsid"> 56, </key>
<key name="overrid"> 17,4,58,22,5,26,6, </key>
<key name="overridden"> 4,31, </key>
<key name="overrul"> 50,51, </key>
<key name="overview"> 70,16, </key>
<key name="own"> 28,14,29,34,89,37, </key>
<key name="packag"> 79,80,59,60,82, </key>
<key name="pag"> 11,7,17,41,8,9,21,40,10,91,26,42,43,70,16,44,95,14,29,61,99,37,76,77, </key>
<key name="pan"> 11,19,20,79,4,22,23,28,5,25,24,26,0,30,59,95,60,81,14,34,1,98,89,99,62,36,35,82, </key>
<key name="parameter"> 45,54, </key>
<key name="part"> 45,38,40,35,77, </key>
<key name="partial"> 18,23,25,32,74,35, </key>
<key name="particular"> 48,4,5,14,62, </key>
<key name="partner"> 12, </key>
<key name="party"> 95,37, </key>
<key name="pas"> 52,58, </key>
<key name="password"> 11,17,66,41,47,84,20,85,4,45,38,52,58,40,22,5,10,68,26,42,43,70,16,65,30,14,6,86,34,87,89,88,15,37,76,77,83, </key>
<key name="past"> 41,42,43,86, </key>
<key name="path"> 10,65,59,77,64, </key>
<key name="penalti"> 81, </key>
<key name="per"> 7,79,45,10,42,43,14,29,34, </key>
<key name="percent"> 46, </key>
<key name="percentag"> 21,60,63, </key>
<key name="perform"> 45,13,35, </key>
<key name="performanc"> 12,45,72,60,15, </key>
<key name="period"> 22,72,14,87, </key>
<key name="periodic"> 78, </key>
<key name="permanent"> 64, </key>
<key name="permission"> 11,7,41,8,9,10,44,73,76, </key>
<key name="permit"> 37, </key>
<key name="person"> 37, </key>
<key name="personal"> 11,17,72,14,31, </key>

</ftswdata>  
