<?xml version='1.0' encoding='windows-1252' ?>
<!-- saved from url=(0014)about:internet -->
<ftswdata>
<key name="pas"> 52,58, </key>
<key name="password"> 11,17,66,41,47,87,20,88,4,45,38,52,58,40,22,5,10,68,26,70,42,43,16,72,65,30,14,6,89,34,90,92,91,15,37,78,79,80,86, </key>
<key name="past"> 41,42,43,89, </key>
<key name="path"> 10,70,65,59,80,64, </key>
<key name="penalti"> 84, </key>
<key name="per"> 7,82,45,10,42,43,14,29,34, </key>
<key name="percent"> 46, </key>
<key name="percentag"> 21,60,63, </key>
<key name="perform"> 45,13,35, </key>
<key name="performanc"> 12,45,74,60,15, </key>
<key name="period"> 22,74,14,90, </key>
<key name="periodic"> 81, </key>
<key name="permanent"> 64, </key>
<key name="permission"> 11,7,41,8,9,10,44,75,78, </key>
<key name="permit"> 37, </key>
<key name="person"> 37, </key>
<key name="personal"> 11,17,74,14,31, </key>
<key name="phon"> 22,28,98, </key>
<key name="pick"> 69,71,74,76, </key>
<key name="piec"> 28,30, </key>
<key name="plac"> 81,14,37, </key>
<key name="pleas"> 43, </key>
<key name="point"> 66,84,78,79,80, </key>
<key name="pol"> 29, </key>
<key name="polici"> 15, </key>
<key name="policy"> 11,17,28,26, </key>
<key name="pool"> 3,4,28,5, </key>
<key name="poor"> 56, </key>
<key name="pop"> 11,4,50,51,22,55,54,59,14,15,37, </key>
<key name="pop3"> 51,59,37, </key>
<key name="pops3"> 54, </key>
<key name="populat"> 28, </key>
<key name="port"> 41,45,38,50,51,52,58,68,70,42,43,55,16,72,59, </key>
<key name="portion"> 69,71,76,78,79,80, </key>
<key name="possibl"> 59,84,29, </key>
<key name="post"> 70,37, </key>
<key name="postfix"> 52,83,2,84,57, </key>
<key name="postmast"> 2, </key>
<key name="postoffic"> 70, </key>
<key name="potential"> 39, </key>
<key name="powerful"> 11,35, </key>
<key name="practic"> 92, </key>
<key name="precedenc"> 48,53, </key>
<key name="preconfigur"> 98,76, </key>
<key name="preferenc"> 4,22,5,26,27,29,37, </key>
<key name="prefix"> 46, </key>
<key name="premis"> 28, </key>
<key name="pres"> 25, </key>
<key name="present"> 55, </key>
<key name="prevent"> 48,34,57,78,79,80, </key>
<key name="previou"> 41,23,42,43,64, </key>
<key name="previous"> 74, </key>
<key name="primary"> 64, </key>
<key name="privat"> 74,65,80, </key>
<key name="privileg"> 41,25,10,98,75,14,78,80, </key>
<key name="problem"> 84, </key>
<key name="proceed"> 66, </key>
<key name="proces"> 81,11,41,38,16,72,74,44,59,32,78,79,80, </key>
<key name="profil"> 75,78, </key>
<key name="progres"> 73,32,78,79,80, </key>
<key name="projector"> 28, </key>
<key name="prompt"> 75, </key>
<key name="properti"> 36, </key>
<key name="protect"> 47,49, </key>
<key name="protection"> 11,46,47,54,56, </key>
<key name="protocol"> 52,93,54,56,37, </key>
<key name="provid"> 38,43,56,78,80, </key>
<key name="provision"> 11,66,22,30,13,75,77,15,78,79,80, </key>
<key name="proxy"> 50,51,55,59,57, </key>
<key name="public"> 41,9,10,37, </key>
<key name="punctuation"> 17,89, </key>
<key name="purg"> 17,4,31, </key>
<key name="qualifi"> 56, </key>
<key name="query"> 19,52,58,69,71,14,76,35, </key>
<key name="question"> 82,35,78,79,80, </key>
<key name="queu"> 81,11,48,20,60,84,62, </key>
<key name="quick"> 11,18,87,10,30,98,14,92,37,35, </key>
<key name="quickadd"> 29, </key>
<key name="quit"> 17, </key>
<key name="quota"> 11,17,21,82,4,22,5,26,30,60,6,63, </key>
<key name="radial"> 95,96, </key>
<key name="random"> 3,5, </key>
<key name="rath"> 39,74,37, </key>
<key name="rbl"> 46, </key>
<key name="re"> 30,84,32,92, </key>
<key name="reach"> 17,21,89,63, </key>
<key name="read"> 41,16,72,54,14,78,79,80, </key>
<key name="ready"> 81,25, </key>
<key name="reason"> 81, </key>
<key name="reassign"> 5, </key>
<key name="rebrand"> 94, </key>
<key name="receiv"> 81,46,20,82,52,22,25,26,30,84,56,29,31,37,78,79,80,64, </key>
<key name="recent"> 66,89, </key>
<key name="recipient"> 46,47,48,49,82,52,58,25,83,53,30,37, </key>
<key name="recommend"> 74,75,84, </key>
<key name="record"> 11,52,58,40,28,5,59,37, </key>
<key name="recur"> 28, </key>
<key name="redirect"> 23,26, </key>
<key name="ref"> 66,46,75,15, </key>
<key name="refer"> 66,46, </key>
<key name="referenc"> 64, </key>
<key name="reflect"> 11,9, </key>
<key name="refresh"> 66,67,84, </key>
<key name="regard"> 59, </key>
<key name="regardles"> 48,37, </key>
<key name="register"> 59, </key>
<key name="regular"> 28,34, </key>
<key name="reindex"> 30,32, </key>
<key name="reject"> 48,49,21,4,52,28,53,30,54,63, </key>
<key name="relay"> 66,52,58,59,57,78,79,80, </key>
<key name="releas"> 11,7,10,84, </key>
<key name="reliabl"> 12, </key>
<key name="remain"> 17,14,31,33,61, </key>
<key name="rememb"> 17,61, </key>
<key name="remind"> 29, </key>
<key name="remov"> 9,23,10,95,100,26,0,27,96,30,98,6,1,101,76, </key>
<key name="renam"> 33, </key>
<key name="reoccur"> 28, </key>
<key name="rep"> 2,29,37, </key>
<key name="replac"> 74,79,80, </key>
<key name="repli"> 37, </key>
<key name="replicat"> 78,79,80, </key>
<key name="report"> 83,60, </key>
<key name="represent"> 45, </key>
<key name="request"> 40,74,37, </key>
<key name="requeu"> 84, </key>
<key name="requir"> 17,41,82,45,38,50,51,52,40,22,70,16,72,65,44,14,32,57,91,37, </key>
<key name="resend"> 81, </key>
<key name="reset"> 22,26,59,6,89,90,92, </key>
<key name="resid"> 31, </key>
<key name="resolv"> 41,42,43, </key>
<key name="resourc"> 11,19,28,30,98,36,35, </key>
<key name="restart"> 59, </key>
<key name="restrict"> 4,22,5,56, </key>
<key name="restriction"> 4,22,28,56,89, </key>
<key name="result"> 41,18,19,45,38,25,42,43,44,54,32,35, </key>
<key name="resum"> 48,62, </key>
<key name="retriev"> 14,89,32,37, </key>
<key name="retrieval"> 55, </key>
<key name="return"> 41,18,38,25,43,44,32, </key>
<key name="reus"> 17,84,89, </key>
<key name="review"> 46,76,78,79,80, </key>
<key name="revok"> 9, </key>
<key name="rfc"> 56, </key>
<key name="rich"> 7,37, </key>
<key name="right"> 11,18,19,3,25,10,32,62, </key>
<key name="room"> 81,28, </key>
<key name="root"> 2,59,76,64, </key>
<key name="rout"> 81,45,2,84,37, </key>
<key name="rul"> 46,48,88,45,38,52,53,74,54,14,6,89,90,91,37, </key>
<key name="run"> 11,45,38,16,72,60,32,102,37,78,79,80,85, </key>
<key name="s"> 11,17,66,8,18,46,87,20,45,50,51,52,58,22,28,5,10,83,69,26,0,27,2,71,16,72,65,30,13,59,98,60,56,6,89,29,32,1,101,61,92,102,76,15,37,35,78,79,80,86, </key>
<key name="sam"> 18,28,25,55,33,35, </key>
<key name="samantha"> 18,25,35, </key>
<key name="sammy"> 18,25,35, </key>
<key name="sampl"> 94, </key>
<key name="samson"> 18,25,35, </key>
<key name="samuel"> 18,25,35, </key>
<key name="sav"> 8,18,99,3,9,20,22,23,5,25,95,100,26,0,42,43,96,29,34,33,90,92,102,62,36,37,78,79,80,64, </key>
<key name="scal"> 82, </key>
<key name="scan"> 81, </key>
<key name="schedul"> 11,28,83,74,30,98,37, </key>
<key name="schema"> 38, </key>
<key name="scor"> 46, </key>
<key name="screen"> 40,98, </key>
<key name="scroll"> 18,25, </key>
<key name="se"> 81,11,82,4,52,22,23,10,69,26,71,43,16,72,73,30,13,54,59,98,60,84,6,91,76,37,85, </key>
<key name="search"> 11,12,41,18,19,45,38,40,23,25,69,71,42,43,44,54,14,29,32,76,37,35, </key>
<key name="second"> 17,83,74,61,90, </key>
<key name="secondary"> 64, </key>
<key name="section"> 18,22,25,0,84,1,101,102,37, </key>
<key name="secur"> 72,14,91, </key>
<key name="security"> 11,52,58,15, </key>
<key name="select"> 11,66,41,8,18,99,19,3,39,48,9,20,21,82,45,38,40,22,23,28,5,25,10,94,95,24,67,100,69,26,53,71,42,43,96,30,44,59,75,84,14,34,32,1,101,33,92,76,36,37,35,78,79,80,86,64, </key>
<key name="self"> 13, </key>
<key name="send"> 81,47,48,49,52,58,25,83,53,30,84,56,14,29,57,37, </key>
<key name="sender"> 56, </key>
<key name="sent"> 81,66,82,52,28,83,26,27,2,60,14,29,31,36,37, </key>
<key name="separat"> 11,25,76, </key>
<key name="sequenc"> 18,25,35,78,79,80, </key>
<key name="seri"> 81,22,78,79,80, </key>
<key name="serv"> 11,17,66,41,19,47,3,39,48,21,82,4,45,38,50,51,52,58,40,22,28,5,67,100,68,69,0,70,71,42,43,55,16,72,74,65,93,30,13,44,59,75,60,84,14,89,57,101,92,102,76,62,77,15,37,35,78,79,80,85,63,64, </key>
<key name="server"> 11,19,3,39,82,4,45,50,51,58,28,5,94,42,43,55,74,54,59,60,62,15,85,64, </key>
<key name="servic"> 11,12,7,66,41,99,3,48,4,45,38,50,51,52,22,28,5,94,95,26,53,16,72,74,96,30,13,44,54,59,60,6,34,62,15,85, </key>
<key name="session"> 17,4,22,5,61, </key>
<key name="set"> 81,11,17,41,8,19,46,47,48,9,20,21,4,45,50,51,52,58,40,22,28,5,10,94,26,27,2,53,42,43,55,74,54,59,98,56,14,6,89,34,31,57,61,90,92,91,102,37,78,79,80,63, </key>
<key name="setting"> 11,17,41,46,47,48,49,21,4,45,38,50,51,52,58,22,5,26,53,42,43,96,44,54,14,6,29,57,15, </key>
<key name="setup"> 22,30, </key>
<key name="seven"> 37, </key>
<key name="shar"> 12,7,25,10,61,37, </key>
<key name="shift"> 18,25, </key>

</ftswdata>  
