<?xml version='1.0' encoding='windows-1252' ?>
<!-- saved from url=(0014)about:internet -->
<ftswdata>
<key name="0"> 7,17,10,87,74,77, </key>
<key name="00"> 63, </key>
<key name="0mb"> 63, </key>
<key name="1"> 17,47, </key>
<key name="10"> 17,59,29,87,76,77, </key>
<key name="100"> 41,45,43,29, </key>
<key name="10000"> 52, </key>
<key name="110"> 51,55, </key>
<key name="143"> 50,55, </key>
<key name="2"> 17,42,43,61, </key>
<key name="20"> 51, </key>
<key name="200"> 50, </key>
<key name="2005"> 94, </key>
<key name="2007"> 94, </key>
<key name="24"> 47, </key>
<key name="25"> 52,58,59,29, </key>
<key name="30"> 11,17,79,60,31, </key>
<key name="31"> 94, </key>
<key name="33"> 46, </key>
<key name="365"> 11,79,60, </key>
<key name="389"> 41,45,38,68,42,43, </key>
<key name="4"> 7,10,60,14,94, </key>
<key name="4096"> 59,64, </key>
<key name="48"> 11,79,60, </key>
<key name="5"> 42,14,29,74,94, </key>
<key name="50"> 29, </key>
<key name="6"> 17,86,74,77, </key>
<key name="60"> 11,79,4,59,60, </key>
<key name="636"> 45,38,42,43, </key>
<key name="64"> 17,86, </key>
<key name="7"> 94, </key>
<key name="7071"> 70,16, </key>
<key name="7110"> 51,55, </key>
<key name="7143"> 50,55, </key>
<key name="75"> 46, </key>
<key name="7993"> 50,55, </key>
<key name="7995"> 51,55, </key>
<key name="8"> 42,94, </key>
<key name="9"> 17, </key>
<key name="993"> 50,55, </key>
<key name="995"> 51,55, </key>
<key name="ability"> 12,45, </key>
<key name="abl"> 92,93,62, </key>
<key name="abov"> 11,69,59,74,64, </key>
<key name="accent"> 84,89, </key>
<key name="accept"> 28,30,56, </key>
<key name="acces"> 41,8,9,45,38,10,92,97,0,93,30,44,95,14,32,98,99,37,83, </key>
<key name="accidental"> 30,32, </key>
<key name="accommodat"> 56, </key>
<key name="accord"> 48,28,53,87, </key>
<key name="account"> 11,7,17,66,41,8,18,96,19,46,47,3,39,48,49,84,9,20,85,21,79,4,45,38,22,23,28,5,10,91,80,92,67,97,69,26,27,2,53,55,72,93,30,13,44,54,95,73,60,14,6,86,29,34,31,32,33,61,87,89,88,74,36,75,15,37,35,76,77,63,83,64, </key>
<key name="acm"> 69, </key>
<key name="acros"> 55, </key>
<key name="action"> 17,5,32,61,37,83, </key>
<key name="activ"> 78,11,17,41,19,20,85,38,22,28,80,42,43,30,44,60,81,86,34,61,87,74, </key>
<key name="active"> 64, </key>
<key name="activity"> 11,17,79,60,61, </key>
<key name="ad"> 66,41,8,18,96,46,39,4,45,22,23,28,5,25,26,44,14,29,64, </key>
<key name="adam"> 69, </key>
<key name="adautocomplet"> 45, </key>
<key name="add"> 11,7,41,8,18,3,48,49,52,40,22,23,28,25,10,69,26,0,27,53,42,43,30,54,59,95,14,74,64, </key>
<key name="addition"> 28,91,81,88,37, </key>
<key name="additional"> 11,7,41,18,38,25,42,43,44,59,95,37,64, </key>
<key name="addres"> 11,12,17,41,8,18,19,46,47,39,20,45,38,51,52,40,22,23,28,25,10,69,26,27,2,43,72,30,59,95,60,81,56,14,29,74,37,35,76,77, </key>
<key name="admin"> 11,47,84,0,2,70,16,13,1,15,77, </key>
<key name="administration"> 11,7,8,9,52,58,40,0,70,16,65,13,44,59,95,60,14,99,15,35,76,77,94, </key>
<key name="administrativ"> 2,77, </key>
<key name="administrator"> 78,17,46,22,28,25,80,2,70,16,13,95,73,60,81,14,86,87,89,15,37,76, </key>
<key name="advanc"> 11,12,17,19,21,4,22,5,10,26,14,34,31,61,87,37,35, </key>
<key name="advertis"> 51,59, </key>
<key name="affect"> 72, </key>
<key name="ag"> 17,86,31, </key>
<key name="again"> 17,61,37, </key>
<key name="aggregat"> 79, </key>
<key name="aggressive"> 46, </key>
<key name="alert"> 47,72, </key>
<key name="alia"> 47,45,22,23,26,30,35, </key>
<key name="alias"> 11,19,22,23,26,2,30,35, </key>
<key name="allocat"> 60,63, </key>
<key name="allow"> 17,8,19,85,50,51,52,58,40,10,27,55,14,29,87,37,35, </key>
<key name="along"> 12,79,60,82, </key>
<key name="alphanumeric"> 17,86, </key>
<key name="already"> 28,27,95,6,64, </key>
<key name="alternat"> 22, </key>
<key name="although"> 72, </key>
<key name="alway"> 28,27,14,29, </key>
<key name="amavisd"> 79, </key>
<key name="amount"> 17,21, </key>
<key name="anonymou"> 45,38, </key>
<key name="anoth"> 78,4,45,22,23,30,6, </key>
<key name="answer"> 35, </key>
<key name="anti"> 78,11,46,47,79,54,59,60,82, </key>
<key name="antiviru"> 47, </key>
<key name="any"> 78,7,17,66,18,47,48,28,5,25,10,92,26,0,55,71,72,93,54,95,81,86,29,31,32,61,35,76,77,83,64, </key>
<key name="anytim"> 20, </key>
<key name="ap"> 21,54,37,63, </key>
<key name="appear"> 20,22,28,27,74,36,37,76,77,64, </key>
<key name="appearanc"> 91,92,93, </key>
<key name="appli"> 37, </key>
<key name="applicabl"> 86, </key>
<key name="application"> 7,10,69,95,74,37, </key>
<key name="appointment"> 21,28,72,29,37,63, </key>
<key name="appropriat"> 2, </key>
<key name="approximate"> 45, </key>
<key name="arbitrari"> 52, </key>
<key name="architectur"> 79, </key>
<key name="archiv"> 47, </key>
<key name="area"> 11,18,5,25,30, </key>
<key name="arrow"> 35, </key>
<key name="ask"> 1,98,76,77, </key>
<key name="assign"> 17,66,3,21,4,22,5,30,44,6,15,64, </key>
<key name="assist"> 30,83, </key>
<key name="associat"> 3,21,23,5,30,6,32,1,98, </key>
<key name="assum"> 38,69,74, </key>
<key name="asterisk"> 22, </key>
<key name="attach"> 48,49,28,53, </key>
<key name="attachment"> 17,48,49,21,4,52,22,5,26,53,54,6,32,15,37,76,77,63, </key>
<key name="attempt"> 78,17,20,85,38,81,14,87, </key>
<key name="attende"> 28, </key>
<key name="attribut"> 19,4,45,38,22,5,86,31, </key>
<key name="audit"> 83, </key>
<key name="auth"> 17,52,58,61, </key>
<key name="authenticat"> 17,52,58,70,16,65, </key>
<key name="authentication"> 11,17,41,84,38,52,58,40,42,44,54,59,14,86,34,89,88, </key>
<key name="author"> 12, </key>
<key name="auto"> 3,22,28, </key>
<key name="autocomplet"> 39,45,29,37, </key>
<key name="automat"> 46, </key>
<key name="automatic"> 29, </key>
<key name="automatical"> 7,17,66,96,19,46,47,20,21,4,22,28,5,80,26,2,30,59,60,31,32,61,87,99,37,63,64, </key>
<key name="av"> 54, </key>
<key name="availabl"> 7,18,96,3,79,4,45,50,51,22,28,5,10,91,92,97,26,93,13,95,60,14,99,15,37,35, </key>
<key name="averag"> 80, </key>
<key name="avoid"> 52,58, </key>
<key name="back"> 78,11,18,25, </key>
<key name="background"> 91,32,37, </key>
<key name="bar"> 11,19,79,32, </key>
<key name="bas"> 17,45,38,22,10,69,42,43,56,89,74,37, </key>
<key name="basi"> 45,28,42,43,55,34, </key>
<key name="basic"> 19,45,29, </key>
<key name="be"> 78,20,79,38,71,72,54,34,31,76,77, </key>
<key name="becom"> 45,22,69,43,30,44,29,32,99,74,77,64, </key>
<key name="befor"> 78,17,66,19,79,5,72,56,14,86,29,31,32,87,37,76,77,64, </key>
<key name="begin"> 71,72,74,76,77, </key>
<key name="behav"> 26,56,29, </key>
<key name="behavior"> 56, </key>
<key name="below"> 17,18,21,25,95,37,76,77,63, </key>
<key name="bind"> 41,45,38,42,43,59, </key>
<key name="blank"> 18,46,25,42, </key>
<key name="blob"> 59,64, </key>
<key name="block"> 47,48,4,54, </key>
<key name="book"> 11,12,17,18,39,45,25,69,95,14,37,77, </key>
<key name="boolean"> 45, </key>
<key name="both"> 11,41,45,43,72,44,6,61, </key>
<key name="bottom"> 11,18,25, </key>
<key name="bounc"> 78,48,49,80,53, </key>
<key name="box"> 11,17,66,41,8,18,96,40,22,25,92,42,43,71,72,93,59,86,34,1,98,99,74,35,76,77,64, </key>
<key name="brows"> 11,17,0,61,99,74, </key>
<key name="build"> 19,28,69,74,37, </key>
<key name="built"> 37, </key>
<key name="bulk"> 22,13, </key>
<key name="busy"> 28,37, </key>
<key name="button"> 11,17,92,93,81,61, </key>
<key name="byt"> 79,59,64, </key>
<key name="ca"> 13, </key>
<key name="cach"> 39,81, </key>
<key name="cal"> 22, </key>
<key name="calculat"> 31, </key>
<key name="calendar"> 12,21,28,25,72,30,95,29,33,15,37,76,77,63,83, </key>
<key name="call"> 95, </key>
<key name="cancel"> 71,72,32, </key>
<key name="cannot"> 78,17,48,84,9,45,38,52,58,22,5,25,2,55,71,72,30,59,14,86,32,89,74,64, </key>
<key name="canonical"> 22,14, </key>
<key name="capabiliti"> 12,14, </key>
<key name="capacity"> 28, </key>
<key name="car"> 72, </key>
<key name="cas"> 17,28,72,6,86,57, </key>
<key name="categori"> 37, </key>
<key name="caution"> 71,72,32,57, </key>
<key name="ceil"> 54, </key>
<key name="central"> 11,37, </key>
<key name="certain"> 72, </key>
<key name="certificat"> 13, </key>
<key name="chang"> 11,7,17,66,41,96,46,3,48,84,9,20,85,21,79,4,52,58,40,22,23,28,5,10,91,92,97,26,55,70,16,93,30,54,59,95,60,14,6,86,29,34,33,87,89,74,36,37,76,77,82,63,64, </key>
<key name="chapt"> 46,95,60, </key>
<key name="character"> 17,84,86,89, </key>
<key name="check"> 17,66,41,8,96,47,9,79,52,58,22,28,25,92,69,42,43,72,65,93,54,59,56,86,29,34,32,61,87,89,99,74,62,75,37,63,64, </key>
<key name="checkbox"> 25,72, </key>
<key name="checkmark"> 92,93,59, </key>
<key name="choic"> 37, </key>
<key name="choos"> 41,20,69,73,34,62,36, </key>
<key name="chosen"> 3, </key>
<key name="cisco"> 95, </key>

</ftswdata>  
