<?xml version='1.0' encoding='windows-1252' ?>
<!-- saved from url=(0014)about:internet -->
<ftswdata>
<key name="encrypt"> 47,50,51,89,92, </key>
<key name="end"> 4,5,29,15, </key>
<key name="enforc"> 14,89,34, </key>
<key name="enhanc"> 0,98,37, </key>
<key name="enhancement"> 14, </key>
<key name="enlarg"> 19, </key>
<key name="enough"> 48, </key>
<key name="ensur"> 38,74,89, </key>
<key name="ent"> 66,41,18,19,87,88,45,38,58,40,22,23,28,5,25,10,68,69,27,70,71,42,43,16,72,74,65,30,92,76,35,78,79,80,64, </key>
<key name="enter"> 17,41,19,46,45,38,40,28,42,43,90,35, </key>
<key name="entir"> 69,71, </key>
<key name="entri"> 17,66,45,30,76,86, </key>
<key name="entry"> 45,38,102, </key>
<key name="envelop"> 84, </key>
<key name="environment"> 11,3,10, </key>
<key name="equal"> 45, </key>
<key name="equipment"> 11,28,30, </key>
<key name="error"> 38,83,73,60,84,78,79,80, </key>
<key name="establish"> 72,44, </key>
<key name="etc"> 87,45,28,89,33,92, </key>
<key name="evaluat"> 84, </key>
<key name="even"> 4, </key>
<key name="every"> 66,47,4,52,60,37, </key>
<key name="everyon"> 25,30, </key>
<key name="ex"> 78,79,80, </key>
<key name="exampl"> 17,18,87,4,45,38,40,22,25,69,71,65,89,92,76,35, </key>
<key name="exceed"> 90, </key>
<key name="except"> 31, </key>
<key name="exception"> 52,6, </key>
<key name="exchang"> 66,74,75,76,78, </key>
<key name="execut"> 13, </key>
<key name="executabl"> 11,78,79,80, </key>
<key name="executiv"> 4, </key>
<key name="exhibit"> 56, </key>
<key name="exist"> 20,4,45,22,23,94,69,71,42,30,32,76,77,78,79,80,64, </key>
<key name="expand"> 82,14, </key>
<key name="experienc"> 98, </key>
<key name="expir"> 81,17,61,90, </key>
<key name="expiration"> 17, </key>
<key name="explicit"> 4,45,52,58,43,54, </key>
<key name="expos"> 28, </key>
<key name="exposur"> 61, </key>
<key name="expression"> 42,43, </key>
<key name="extend"> 0, </key>
<key name="extension"> 11,48,49,0,53,54,14,1, </key>
<key name="external"> 12,7,17,41,45,38,52,58,68,42,43,44,59,89,34,57,92,37, </key>
<key name="fail"> 17,41,20,26,42,43,89,90, </key>
<key name="failur"> 81, </key>
<key name="far"> 11, </key>
<key name="fashion"> 89, </key>
<key name="featur"> 12,17,39,4,45,22,5,95,26,27,96,30,14,6,89,29,31,61,15,37,35,86, </key>
<key name="field"> 66,8,18,19,46,3,39,21,52,58,22,28,25,10,95,26,42,43,74,96,59,14,34,90,37,35,64, </key>
<key name="fil"> 81,11,47,48,49,10,0,53,70,73,74,65,30,59,84,32,1,101,102,78,79,80,86,64, </key>
<key name="filt"> 46,47,82,45,38,69,71,42,43,74,84,14,76, </key>
<key name="filter"> 81,12,46,45,27,57,37, </key>
<key name="final"> 93, </key>
<key name="find"> 18,19,25,32,35,78,79,80, </key>
<key name="finish"> 41,3,22,28,10,42,43, </key>
<key name="first"> 45,22,69,2,71,74,89,29,32,76,37,35,78,79,80, </key>
<key name="fix"> 84, </key>
<key name="flag"> 37, </key>
<key name="flander"> 76, </key>
<key name="floor"> 28, </key>
<key name="flush"> 84, </key>
<key name="fold"> 7,17,8,46,10,74,14,29,31,61,37,78,79,80, </key>
<key name="folder"> 12,7,10,74,65,30,14,29,31,32,33,76,37,78,80,86, </key>
<key name="follow"> 11,17,19,46,48,20,4,45,38,50,51,52,58,28,10,83,68,69,53,70,71,16,72,65,30,13,44,54,59,60,84,56,14,29,90,76,78,79,80,63,64, </key>
<key name="font"> 37, </key>
<key name="forc"> 17,52,58,34,92, </key>
<key name="forget"> 89,92, </key>
<key name="forgotten"> 20,30,84, </key>
<key name="format"> 70,65,60,29, </key>
<key name="forum"> 11,35, </key>
<key name="forward"> 11,18,22,25,26,27,2,30,14,29,37, </key>
<key name="fre"> 28,59,37, </key>
<key name="frequency"> 47, </key>
<key name="frequent"> 81,28, </key>
<key name="ful"> 56, </key>
<key name="full"> 12,65,75,78,80,64, </key>
<key name="function"> 11, </key>
<key name="g"> 52, </key>
<key name="gal"> 11,41,39,45,22,25,43,44,54,29,37, </key>
<key name="gallery"> 98, </key>
<key name="gateway"> 58, </key>
<key name="gb"> 82, </key>
<key name="general"> 41,3,20,88,4,52,40,22,5,94,95,26,96,30,44,54,59,89,29,33,92, </key>
<key name="generat"> 83,2, </key>
<key name="get"> 48,49,21,40,53,63, </key>
<key name="giv"> 10,37, </key>
<key name="given"> 7,41,45,10, </key>
<key name="global"> 11,7,17,41,46,47,48,49,4,45,50,51,52,58,22,5,10,2,53,43,13,54,59,6,57,15,37, </key>
<key name="gn"> 45, </key>
<key name="go"> 11,18,99,82,94,100,42,43,98,84,77,78,79,80,64, </key>
<key name="good"> 92, </key>
<key name="grant"> 45,38,102, </key>
<key name="graph"> 82, </key>
<key name="graphical"> 60, </key>
<key name="greet"> 52,56, </key>
<key name="group"> 7,8,4,25,69,71,30,75,14,29,76,37,78,79,80, </key>
<key name="groupwis"> 70,71,74,79, </key>
<key name="guid"> 66,46,22,16,72,13,44,59,98,60,15,78,79,80, </key>
<key name="gwtapp"> 79, </key>
<key name="hack"> 20, </key>
<key name="ham"> 46, </key>
<key name="handl"> 46,89,90, </key>
<key name="happen"> 74, </key>
<key name="hav"> 45,40,30,84,61,86, </key>
<key name="head"> 21,52,30,37, </key>
<key name="header"> 54,63, </key>
<key name="help"> 11,10,16,72,76,35,78,79,80,97, </key>
<key name="helpful"> 28, </key>
<key name="her"> 81,11,10, </key>
<key name="hid"> 22,25, </key>
<key name="hidden"> 22,26,27, </key>
<key name="hierarchy"> 78,79,80, </key>
<key name="high"> 12, </key>
<key name="highlight"> 23,59,6,92, </key>
<key name="history"> 17,89, </key>
<key name="hold"> 81,11,60,84, </key>
<key name="host"> 11,41,48,4,45,38,52,58,40,22,16,72,44,59,57,78,79,80, </key>
<key name="hostnam"> 52,58,55,59,56, </key>
<key name="hour"> 11,17,47,82,60,61,90, </key>
<key name="hov"> 23,30, </key>
<key name="how"> 7,17,46,47,48,20,58,40,22,5,10,94,26,0,53,42,43,98,89,29,31,61,90,37,78,79,80, </key>
<key name="html"> 29,37, </key>
<key name="http"> 50,51,40,98, </key>
<key name="i"> 22,76, </key>
<key name="icon"> 78,79,80, </key>
<key name="icppn30"> 80, </key>
<key name="id"> 19,74,65,30,84,33,35,80, </key>
<key name="identifi"> 81,41,44,59, </key>
<key name="identify"> 46,38,69,71,75,56,14,76, </key>
<key name="identiti"> 14,37, </key>
<key name="identity"> 37, </key>
<key name="idl"> 17,61, </key>
<key name="if"> 17,66,41,18,19,47,39,48,87,9,20,88,82,4,45,38,50,51,52,58,22,28,25,10,67,68,69,26,27,2,71,42,43,73,74,65,30,54,59,98,60,84,56,14,6,89,29,34,32,57,101,33,61,90,92,91,76,37,35,78,79,80, </key>
<key name="ignor"> 74,89, </key>
<key name="ill"> 56, </key>
<key name="imag"> 7,94, </key>
<key name="imap"> 11,4,50,51,22,55,54,59,29,15,37, </key>
<key name="immediate"> 11,9,20,22,0,102,62, </key>
<key name="impact"> 39, </key>
<key name="implement"> 56, </key>
<key name="import"> 11,67,69,71,16,72,73,74,65,75,76,15,78,79,80, </key>
<key name="important"> 47,4,22,74,59,75,56,6,57,78, </key>
<key name="inaccessibl"> 30, </key>
<key name="inbound"> 11,82, </key>
<key name="inbox"> 29,31, </key>
<key name="inc"> 97, </key>
<key name="includ"> 11,12,7,17,19,4,52,28,5,25,10,94,83,95,2,96,30,44,59,98,60,14,61,102,76,78,79,80,85,86, </key>
<key name="incom"> 81,11,60,84,56,31,37, </key>
<key name="incorrect"> 14,90, </key>
<key name="increas"> 49,21,74,63, </key>
<key name="index"> 30,59,32,64, </key>
<key name="index1"> 59,64, </key>
<key name="individual"> 7,99,19,20,21,4,22,25,10,94,95,100,69,27,71,96,30,13,98,84,14,6,34,31,61,90,91,76,35,78,79,80, </key>
<key name="inform"> 74, </key>
<key name="information"> 11,7,66,41,3,20,88,82,4,45,38,51,22,28,5,10,83,68,26,70,42,43,16,72,65,30,13,59,98,60,84,1,101,33,61,92,76,15,37,35,78,79,80,63,64, </key>
<key name="inherit"> 17, </key>
<key name="ini"> 65,80, </key>
<key name="initial"> 22,28,5,2,59,89,29,92,37,64, </key>
<key name="initializ"> 10, </key>
<key name="input"> 45, </key>
<key name="insert"> 41, </key>
<key name="instal"> 11,7,46,47,82,4,83,95,26,59,98,60,14,1,102,78,79,80,85,64, </key>
<key name="install"> 0,2,13, </key>
<key name="installation"> 41,47,44,54,59, </key>
<key name="instead"> 66,76,78,79,80, </key>
<key name="instruct"> 57, </key>
<key name="integrat"> 98, </key>
<key name="interact"> 98, </key>
<key name="interfac"> 20,4,94,95,0,96,13,98,37, </key>
<key name="intermix"> 98, </key>
<key name="internal"> 41,87,45,38,68,42,43,44,14,89,91, </key>
<key name="internet"> 29, </key>
<key name="interrupt"> 74, </key>
<key name="interval"> 29, </key>
<key name="invalid"> 89,90,91, </key>
<key name="invit"> 28, </key>
<key name="invitation"> 28,30, </key>
<key name="ip"> 52,70,54,59,60,84,56, </key>
<key name="isp"> 52,57, </key>
<key name="issu"> 41,45,42,43, </key>
<key name="item"> 19,74,29,37,35,78, </key>
<key name="itself"> 62, </key>
<key name="jo"> 69,71,65,76, </key>
<key name="joanna"> 76, </key>
<key name="john"> 22, </key>
<key name="joseph"> 76, </key>
<key name="journal"> 74, </key>
<key name="junk"> 17,46,74,31,78,79,80, </key>
<key name="just"> 41, </key>
<key name="kb"> 82,52, </key>
<key name="keep"> 81,22,5,33, </key>
<key name="key"> 14,29, </key>

</ftswdata>  
