<?xml version='1.0' encoding='windows-1252' ?>
<!-- saved from url=(0014)about:internet -->
<ftswdata>
<key name="keyboard"> 29, </key>
<key name="keyword"> 78,80, </key>
<key name="kill"> 46, </key>
<key name="know"> 18,45,22,25,26,27,35, </key>
<key name="known"> 45,25, </key>
<key name="label"> 37, </key>
<key name="larg"> 22,55,59,84,78,79,80,64, </key>
<key name="last"> 11,19,82,45,22,60,35,97,85, </key>
<key name="latest"> 78,79,80, </key>
<key name="launch"> 98,75, </key>
<key name="layout"> 28, </key>
<key name="ldap"> 11,41,39,45,38,22,28,68,69,70,71,42,43,44,59,60,89,34,92,102,76,79,80,85, </key>
<key name="least"> 92, </key>
<key name="leav"> 18,25, </key>
<key name="left"> 11,18,3,25,42,74,29,35, </key>
<key name="legitimat"> 38, </key>
<key name="length"> 17,4,5,14,89,91, </key>
<key name="lessen"> 39, </key>
<key name="let"> 19,48,4,45,22,95,69,26,53,74,96,30,37,35,86, </key>
<key name="level"> 41,39,4,52,58,74,34, </key>
<key name="librari"> 79, </key>
<key name="lifetim"> 17,4,22,28,5,14,6,31,61,91, </key>
<key name="like"> 74, </key>
<key name="limit"> 81,17,41,99,21,5,95,69,96,14,61,63, </key>
<key name="lin"> 46,4,22,25,30,13,59,37,64, </key>
<key name="link"> 11,22,10,30,59,6,35, </key>
<key name="list"> 11,17,66,41,8,18,19,3,39,48,49,9,20,4,45,22,23,28,25,10,95,24,67,100,69,26,0,27,53,71,43,73,74,96,30,59,98,60,84,14,29,34,33,92,102,76,62,36,77,15,37,35,78,79,80,85,64, </key>
<key name="lmtp"> 93,59,62, </key>
<key name="load"> 39, </key>
<key name="local"> 52,27,93,13,57,37,80, </key>
<key name="location"> 11,28,30,59,57,76,36,64, </key>
<key name="lock"> 17,19,20,88,30,14,89,34,90, </key>
<key name="lockout"> 17,20,88,14,89,90,91, </key>
<key name="log"> 11,17,87,20,88,82,38,40,22,10,83,68,0,2,70,73,30,59,75,60,14,89,61,90,92,102,62,37,78,79,80,85,86, </key>
<key name="login"> 17,20,50,51,40,26,44,59,90, </key>
<key name="logon"> 75, </key>
<key name="long"> 17,20,4,58,22,61,90,64, </key>
<key name="look"> 45,37, </key>
<key name="lookup"> 45,52,58,44,59, </key>
<key name="loop"> 57, </key>
<key name="lost"> 78,79,80, </key>
<key name="lotu"> 65,14,80, </key>
<key name="low"> 17,89,29, </key>
<key name="m"> 60, </key>
<key name="machin"> 59, </key>
<key name="mail"> 81,11,12,66,18,46,47,3,48,49,20,21,4,45,38,52,58,40,22,23,28,5,25,83,26,27,53,55,74,93,30,59,60,84,56,14,29,31,32,57,62,37,35,78,79,80,86, </key>
<key name="mailbox"> 11,17,66,19,47,3,48,20,21,82,4,22,28,83,69,26,2,71,16,72,74,93,30,59,75,60,6,29,32,92,76,62,77,37,35,78,79,80,85,63,86,64, </key>
<key name="maintain"> 81,28,15, </key>
<key name="maintenanc"> 19,48,20,30, </key>
<key name="major"> 14, </key>
<key name="mak"> 9,4,52,58,40,22,94,95,26,70,96,59,36, </key>
<key name="man"> 20,92, </key>
<key name="manag"> 81,11,46,4,23,5,27,30,13,44,54,59,98,84,14,92,15,37,64, </key>
<key name="management"> 15,64, </key>
<key name="manual"> 17, </key>
<key name="map"> 38, </key>
<key name="mapi"> 75,78, </key>
<key name="mark"> 46,22,95,74,64, </key>
<key name="market"> 69,71,65,76, </key>
<key name="mas"> 46, </key>
<key name="mat"> 17,90, </key>
<key name="match"> 39,45,38,26,37,35, </key>
<key name="maximum"> 17,41,45,52,43,54,89,37, </key>
<key name="mb"> 17,82,78,79,80, </key>
<key name="mean"> 17, </key>
<key name="measur"> 61, </key>
<key name="mechanism"> 11,41,38,98, </key>
<key name="meet"> 11,28,74,30,76, </key>
<key name="meeting"> 28,74,30,37,79,80, </key>
<key name="megabyt"> 17,21, </key>
<key name="memb"> 18,26,30,75,78, </key>
<key name="member"> 41,18,25,102, </key>
<key name="menu"> 23, </key>
<key name="messag"> 81,11,12,17,46,47,48,49,21,82,4,52,22,28,5,83,26,27,2,53,73,74,93,30,13,54,59,98,60,84,56,14,6,29,31,32,57,33,36,37,78,79,80,63,64, </key>
<key name="message1"> 59,64, </key>
<key name="method"> 38,22, </key>
<key name="microsoft"> 75,78,79,80, </key>
<key name="might"> 82,69,71,76, </key>
<key name="migrat"> 67,69,71,74,65,76,15,78,79,80, </key>
<key name="migration"> 11,66,69,71,16,72,74,65,75,14,76,15,78,79,80, </key>
<key name="migrator"> 70,80, </key>
<key name="mini"> 19,98,29,35, </key>
<key name="minimum"> 11,17,66,22,28,89, </key>
<key name="minut"> 17,59,29,61,90, </key>
<key name="mis"> 65, </key>
<key name="mod"> 11,41,45,42,43, </key>
<key name="modify"> 47,4,10,26,30,29, </key>
<key name="modul"> 0,14,1, </key>
<key name="monitor"> 81,11,21,28,60,84,15,85, </key>
<key name="month"> 82, </key>
<key name="morn"> 60, </key>
<key name="mous"> 17,23,30,61, </key>
<key name="mov"> 81,11,18,3,23,25,83,30,84,6, </key>
<key name="mt"> 83, </key>
<key name="mta"> 81,11,47,48,20,52,58,83,93,54,59,60,84,56,57,62,15,85, </key>
<key name="multipl"> 18,3,45,38,42,55,59,14,37, </key>
<key name="must"> 17,99,19,87,45,38,52,22,28,5,10,26,27,55,65,59,75,56,89,34,57,90,92,102,76,35,78,79,80,85,64, </key>
<key name="mx"> 52,58, </key>
<key name="mycompany"> 38, </key>
<key name="�"> 87,92, </key>
<key name="nab"> 69, </key>
<key name="nam"> 81,11,41,18,19,3,4,45,38,51,58,40,22,23,28,5,25,10,67,68,69,26,70,71,42,43,16,72,65,30,44,59,14,33,76,62,37,35,78,79,80,64, </key>
<key name="navigat"> 11,14,29, </key>
<key name="navigation"> 11,82,22,23,28,5,25,24,26,0,59,34,1,101,102,62, </key>
<key name="ne"> 21,22,28,5,10,26,98,75,63, </key>
<key name="necessary"> 19,38,70,33,102,79, </key>
<key name="need"> 98, </key>
<key name="network"> 52,58, </key>
<key name="nev"> 17,4,64, </key>
<key name="new"> 81,11,7,17,66,41,99,47,3,87,20,4,40,22,23,28,5,25,10,26,0,42,43,74,30,44,98,75,14,89,29,33,92,102,37,35,78,79,80,64, </key>
<key name="next"> 11,17,66,41,99,3,87,45,22,28,25,10,95,67,69,70,42,43,16,72,74,65,96,75,34,92,102,76,77,35, </key>
<key name="nnot"> 80, </key>
<key name="non"> 66, </key>
<key name="nor"> 9,14, </key>
<key name="normal"> 20,34, </key>
<key name="not"> 11,7,66,41,18,48,87,45,22,28,5,25,10,95,67,26,43,74,65,59,84,6,1,92,76,80, </key>
<key name="notebook"> 11,7,8,9,21,25,10,37, </key>
<key name="notic"> 48,49,26,53, </key>
<key name="notifi"> 48,49,21,53,14,63, </key>
<key name="notification"> 46,47,2,37, </key>
<key name="notify"> 10, </key>
<key name="novel"> 79, </key>
<key name="novell"> 79, </key>
<key name="now"> 69,71,16,72,14,76, </key>
<key name="numb"> 81,11,17,41,19,46,49,20,82,50,51,22,23,28,5,94,83,68,69,26,70,73,74,30,44,54,59,98,84,14,89,29,31,32,90,77,37,78,79,80, </key>
<key name="number"> 22,55, </key>
<key name="numeric"> 17, </key>
<key name="o"> 70, </key>
<key name="�"> 87,92, </key>
<key name="object"> 7,19,4,5,69,71,76,37, </key>
<key name="objectclas"> 45, </key>
<key name="occupant"> 28, </key>
<key name="occur"> 17,90, </key>
<key name="off"> 46,21,28,74,60,37,85,63, </key>
<key name="offer"> 12,38, </key>
<key name="offic"> 70,75,37, </key>
<key name="often"> 19,47,84, </key>
<key name="ok"> 9,23,69,71,73,74,32,92,76, </key>
<key name="old"> 17,21,26,74,89,31,78,79,80,63,64, </key>
<key name="on"> 81,11,7,66,41,18,19,4,45,38,40,23,28,25,10,94,95,67,69,96,30,44,59,84,6,76,37,78,79,80,85,64, </key>
<key name="onc"> 22,10,37, </key>
<key name="onto"> 70, </key>
<key name="open"> 12,19,46,3,48,88,40,22,25,10,0,73,30,75,84,29,32,1,101,61,90,92,102,78,79,80, </key>
<key name="openldap"> 38, </key>
<key name="operat"> 2, </key>
<key name="operation"> 45,38,74, </key>
<key name="opt"> 101,64, </key>
<key name="option"> 11,66,46,47,39,21,4,52,58,5,94,95,26,27,74,96,13,44,59,14,89,29,92,91,37,35,78,79,80, </key>
<key name="optional"> 7,41, </key>
<key name="ord"> 82,5,26,65,59,60,85,63, </key>
<key name="organiz"> 12,7,10,74,37,79,80, </key>
<key name="organization"> 45,70,65,37, </key>
<key name="origin"> 60,84, </key>
<key name="original"> 29,33, </key>
<key name="originat"> 52,54, </key>
<key name="other"> 7,10, </key>
<key name="otherwis"> 38, </key>
<key name="ou"> 70, </key>
<key name="our"> 98, </key>
<key name="out"> 11,17,19,20,88,14,61,90,37, </key>
<key name="outbound"> 82, </key>
<key name="outbreak"> 48, </key>
<key name="outlook"> 74,37,78, </key>
<key name="output"> 59, </key>
<key name="outsid"> 56, </key>
<key name="overrid"> 17,4,58,22,5,26,6, </key>
<key name="overridden"> 4,31, </key>
<key name="overrul"> 50,51, </key>
<key name="overview"> 16,72, </key>
<key name="own"> 28,14,29,34,92,37, </key>
<key name="packag"> 82,83,59,60,85, </key>
<key name="pag"> 11,7,17,41,8,9,21,40,10,94,26,42,43,16,72,44,98,14,29,61,102,37,78,79,80, </key>
<key name="pan"> 11,19,20,82,4,22,23,28,5,25,24,26,0,30,59,98,60,84,14,34,1,101,92,102,62,36,35,85, </key>
<key name="parameter"> 45,54, </key>
<key name="part"> 45,38,40,35,80, </key>
<key name="partial"> 18,23,25,32,76,35, </key>
<key name="particular"> 48,4,5,14,62, </key>
<key name="partner"> 12, </key>
<key name="party"> 98,37, </key>

</ftswdata>  
