<?xml version='1.0' encoding='windows-1252' ?>
<!-- saved from url=(0014)about:internet -->
<ftswdata>
<key name="phon"> 22,28,95, </key>
<key name="pick"> 69,72,74, </key>
<key name="piec"> 28,30, </key>
<key name="plac"> 78,14,37, </key>
<key name="pleas"> 43, </key>
<key name="point"> 66,81,76,77, </key>
<key name="pol"> 29, </key>
<key name="polici"> 15, </key>
<key name="policy"> 11,17,28,26, </key>
<key name="pool"> 3,4,28,5, </key>
<key name="poor"> 56, </key>
<key name="pop"> 11,4,50,51,22,55,54,59,14,15,37, </key>
<key name="pop3"> 51,59,37, </key>
<key name="pops3"> 54, </key>
<key name="populat"> 28, </key>
<key name="port"> 41,45,38,50,51,52,58,68,42,43,55,70,16,59, </key>
<key name="portion"> 69,74,76,77, </key>
<key name="possibl"> 59,81,29, </key>
<key name="post"> 37, </key>
<key name="postfix"> 52,80,2,81,57, </key>
<key name="postmast"> 2, </key>
<key name="potential"> 39, </key>
<key name="powerful"> 11,35, </key>
<key name="practic"> 89, </key>
<key name="precedenc"> 48,53, </key>
<key name="preconfigur"> 95,74, </key>
<key name="preferenc"> 4,22,5,26,27,29,37, </key>
<key name="prefix"> 46, </key>
<key name="premis"> 28, </key>
<key name="pres"> 25, </key>
<key name="present"> 55, </key>
<key name="prevent"> 48,34,57,76,77, </key>
<key name="previou"> 41,23,42,43,64, </key>
<key name="previous"> 72, </key>
<key name="primary"> 64, </key>
<key name="privat"> 72,65,77, </key>
<key name="privileg"> 41,25,10,95,73,14,76,77, </key>
<key name="problem"> 81, </key>
<key name="proceed"> 66, </key>
<key name="proces"> 78,11,41,38,70,16,71,72,44,59,32,76,77, </key>
<key name="profil"> 73,76, </key>
<key name="progres"> 71,32,76,77, </key>
<key name="projector"> 28, </key>
<key name="prompt"> 73, </key>
<key name="properti"> 36, </key>
<key name="protect"> 47,49, </key>
<key name="protection"> 11,46,47,54,56, </key>
<key name="protocol"> 52,90,54,56,37, </key>
<key name="provid"> 38,43,56,76,77, </key>
<key name="provision"> 11,66,22,30,13,73,75,15,76,77, </key>
<key name="proxy"> 50,51,55,59,57, </key>
<key name="public"> 41,9,10,37, </key>
<key name="punctuation"> 17,86, </key>
<key name="purg"> 17,4,31, </key>
<key name="qualifi"> 56, </key>
<key name="query"> 19,52,58,69,14,74,35, </key>
<key name="question"> 79,35,76,77, </key>
<key name="queu"> 78,11,48,20,60,81,62, </key>
<key name="quick"> 11,18,84,10,30,95,14,89,37,35, </key>
<key name="quickadd"> 29, </key>
<key name="quit"> 17, </key>
<key name="quota"> 11,17,21,79,4,22,5,26,30,60,6,63, </key>
<key name="radial"> 92,93, </key>
<key name="random"> 3,5, </key>
<key name="rath"> 39,72,37, </key>
<key name="rbl"> 46, </key>
<key name="re"> 30,81,32,89, </key>
<key name="reach"> 17,21,86,63, </key>
<key name="read"> 41,70,16,54,14,76,77, </key>
<key name="ready"> 78,25, </key>
<key name="reason"> 78, </key>
<key name="reassign"> 5, </key>
<key name="rebrand"> 91, </key>
<key name="receiv"> 78,46,20,79,52,22,25,26,30,81,56,29,31,37,76,77,64, </key>
<key name="recent"> 66,86, </key>
<key name="recipient"> 46,47,48,49,79,52,58,25,80,53,30,37, </key>
<key name="recommend"> 72,73,81, </key>
<key name="record"> 11,52,58,40,28,5,59,37, </key>
<key name="recur"> 28, </key>
<key name="redirect"> 23,26, </key>
<key name="ref"> 66,46,73,15, </key>
<key name="refer"> 66,46, </key>
<key name="referenc"> 64, </key>
<key name="reflect"> 11,9, </key>
<key name="refresh"> 66,67,81, </key>
<key name="regard"> 59, </key>
<key name="regardles"> 48,37, </key>
<key name="register"> 59, </key>
<key name="regular"> 28,34, </key>
<key name="reindex"> 30,32, </key>
<key name="reject"> 48,49,21,4,52,28,53,30,54,63, </key>
<key name="relay"> 66,52,58,59,57,76,77, </key>
<key name="releas"> 11,7,10,81, </key>
<key name="reliabl"> 12, </key>
<key name="remain"> 17,14,31,33,61, </key>
<key name="rememb"> 17,61, </key>
<key name="remind"> 29, </key>
<key name="remov"> 9,23,10,92,97,26,0,27,93,30,95,6,1,98,74, </key>
<key name="renam"> 33, </key>
<key name="reoccur"> 28, </key>
<key name="rep"> 2,29,37, </key>
<key name="replac"> 72,77, </key>
<key name="repli"> 37, </key>
<key name="replicat"> 76,77, </key>
<key name="report"> 80,60, </key>
<key name="represent"> 45, </key>
<key name="request"> 40,72,37, </key>
<key name="requeu"> 81, </key>
<key name="requir"> 17,41,79,45,38,50,51,52,40,22,70,16,65,44,14,32,57,88,37, </key>
<key name="resend"> 78, </key>
<key name="reset"> 22,26,59,6,86,87,89, </key>
<key name="resid"> 31, </key>
<key name="resolv"> 41,42,43, </key>
<key name="resourc"> 11,19,28,30,95,36,35, </key>
<key name="restart"> 59, </key>
<key name="restrict"> 4,22,5,56, </key>
<key name="restriction"> 4,22,28,56,86, </key>
<key name="result"> 41,18,19,45,38,25,42,43,44,54,32,35, </key>
<key name="resum"> 48,62, </key>
<key name="retriev"> 14,86,32,37, </key>
<key name="retrieval"> 55, </key>
<key name="return"> 41,18,38,25,43,44,32, </key>
<key name="reus"> 17,81,86, </key>
<key name="review"> 46,74,76,77, </key>
<key name="revok"> 9, </key>
<key name="rfc"> 56, </key>
<key name="rich"> 7,37, </key>
<key name="right"> 11,18,19,3,25,10,32,62, </key>
<key name="room"> 78,28, </key>
<key name="root"> 2,59,74,64, </key>
<key name="rout"> 78,45,2,81,37, </key>
<key name="rul"> 46,48,85,45,38,52,53,72,54,14,6,86,87,88,37, </key>
<key name="run"> 11,45,38,70,16,60,32,99,37,76,77,82, </key>
<key name="s"> 11,17,66,8,18,46,84,20,45,50,51,52,58,22,28,5,10,80,69,26,0,27,2,70,16,65,30,13,59,95,60,56,6,86,29,32,1,98,61,89,99,74,15,37,35,76,77,83, </key>
<key name="sam"> 18,28,25,55,33,35, </key>
<key name="samantha"> 18,25,35, </key>
<key name="sammy"> 18,25,35, </key>
<key name="sampl"> 91, </key>
<key name="samson"> 18,25,35, </key>
<key name="samuel"> 18,25,35, </key>
<key name="sav"> 8,18,96,3,9,20,22,23,5,25,92,97,26,0,42,43,93,29,34,33,87,89,99,62,36,37,76,77,64, </key>
<key name="scal"> 79, </key>
<key name="scan"> 78, </key>
<key name="schedul"> 11,28,80,72,30,95,37, </key>
<key name="schema"> 38, </key>
<key name="scor"> 46, </key>
<key name="screen"> 40,95, </key>
<key name="scroll"> 18,25, </key>
<key name="se"> 78,11,79,4,52,22,23,10,69,26,43,70,16,71,30,13,54,59,95,60,81,6,88,74,37,82, </key>
<key name="search"> 11,12,41,18,19,45,38,40,23,25,69,42,43,44,54,14,29,32,74,37,35, </key>
<key name="second"> 17,80,72,61,87, </key>
<key name="secondary"> 64, </key>
<key name="section"> 18,22,25,0,81,1,98,99,37, </key>
<key name="secur"> 14,88, </key>
<key name="security"> 11,52,58,15, </key>
<key name="select"> 11,66,41,8,18,96,19,3,39,48,9,20,21,79,45,38,40,22,23,28,5,25,10,91,92,24,67,97,69,26,53,42,43,93,30,44,59,73,81,14,34,32,1,98,33,89,74,36,37,35,76,77,83,64, </key>
<key name="self"> 13, </key>
<key name="send"> 78,47,48,49,52,58,25,80,53,30,81,56,14,29,57,37, </key>
<key name="sender"> 56, </key>
<key name="sent"> 78,66,79,52,28,80,26,27,2,60,14,29,31,36,37, </key>
<key name="separat"> 11,25,74, </key>
<key name="sequenc"> 18,25,35,76,77, </key>
<key name="seri"> 78,22,76,77, </key>
<key name="serv"> 11,17,66,41,19,47,3,39,48,21,79,4,45,38,50,51,52,58,40,22,28,5,67,97,68,69,0,42,43,55,70,16,72,65,90,30,13,44,59,73,60,81,14,86,57,98,89,99,74,62,75,15,37,35,76,77,82,63,64, </key>
<key name="server"> 11,19,3,39,79,4,45,50,51,58,28,5,91,42,43,55,72,54,59,60,62,15,82,64, </key>
<key name="servic"> 11,12,7,66,41,96,3,48,4,45,38,50,51,52,22,28,5,91,92,26,53,70,16,72,93,30,13,44,54,59,60,6,34,62,15,82, </key>
<key name="session"> 17,4,22,5,61, </key>
<key name="set"> 78,11,17,41,8,19,46,47,48,9,20,21,4,45,50,51,52,58,40,22,28,5,10,91,26,27,2,53,42,43,55,72,54,59,95,56,14,6,86,34,31,57,61,87,89,88,99,37,76,77,63, </key>
<key name="setting"> 11,17,41,46,47,48,49,21,4,45,38,50,51,52,58,22,5,26,53,42,43,93,44,54,14,6,29,57,15, </key>
<key name="setup"> 22,30, </key>
<key name="seven"> 37, </key>
<key name="shar"> 12,7,25,10,61,37, </key>
<key name="shift"> 18,25, </key>
<key name="ship"> 98, </key>
<key name="shortcut"> 14,29, </key>
<key name="shortnam"> 65, </key>
<key name="should"> 17,66,96,46,3,9,38,50,51,22,5,25,10,92,69,27,43,72,65,93,86,57,98,87,74,76,77, </key>
<key name="show"> 11,18,79,4,23,26,30,59,81,14,29,63,64, </key>
<key name="shown"> 66,28,76,77, </key>
<key name="sid"> 19,72, </key>
<key name="sign"> 19,13, </key>
<key name="signatur"> 29, </key>
<key name="similar"> 52,58, </key>
<key name="simp"> 91, </key>
<key name="simultaneous"> 72,37,76,77, </key>
<key name="sinc"> 72, </key>
<key name="singl"> 38,52,69,55,73,81,74,37,76, </key>
<key name="sit"> 28,55, </key>
<key name="siz"> 17,79,52,54,59,60,37,76,77,63,64, </key>
<key name="skyp"> 95, </key>
<key name="smith"> 22,74, </key>
<key name="smtp"> 52,58,56,57,77, </key>
<key name="sn"> 45, </key>
<key name="snapshot"> 81, </key>
<key name="snmp"> 11,59,60,82, </key>
<key name="so"> 47,45,52,58,28,26,2,95,56, </key>

</ftswdata>  
