<?xml version='1.0' encoding='windows-1252' ?>
<!-- saved from url=(0014)about:internet -->
<ftswdata>
<key name="soft"> 20, </key>
<key name="softwar"> 46,47,95, </key>
<key name="sort"> 12,79,60,63, </key>
<key name="sourc"> 12,69,65,74,75,76,77, </key>
<key name="spac"> 17,21,79,22,5,25,60,63, </key>
<key name="spam"> 78,11,17,46,79,52,54,59,60,56,31,82, </key>
<key name="spamassassin"> 46, </key>
<key name="specifi"> 17,66,19,20,45,38,23,27,65,30,73,14,87,76, </key>
<key name="specific"> 11,41,19,3,49,79,4,45,38,23,5,25,92,69,53,93,30,54,60,81,14,87,74,35, </key>
<key name="specification"> 95, </key>
<key name="specify"> 19,3,40,28,69,27,42,65,87,37,76,77, </key>
<key name="spell"> 59,82, </key>
<key name="split"> 55, </key>
<key name="spread"> 49, </key>
<key name="spreadsheet"> 7, </key>
<key name="ssl"> 41,45,38,50,51,52,58,42,43,55,59, </key>
<key name="standard"> 12,56,29,74, </key>
<key name="start"> 67,70,16,13,32,76,77, </key>
<key name="stat"> 48,28,53, </key>
<key name="statistic"> 11,21,79,60,15,63, </key>
<key name="statu"> 11,17,66,19,48,20,85,22,28,26,30,59,60,32,87,36,75,15,82,64, </key>
<key name="status"> 19,20, </key>
<key name="stay"> 78,22,28,81, </key>
<key name="step"> 41,22,42,43,44,74, </key>
<key name="still"> 20,32,64, </key>
<key name="stop"> 48,13,32,62, </key>
<key name="stor"> 11,59,86,89,74,64, </key>
<key name="storag"> 64, </key>
<key name="str"> 45,29,35, </key>
<key name="street"> 28, </key>
<key name="styl"> 29,37, </key>
<key name="subject"> 46,37, </key>
<key name="subscrib"> 12, </key>
<key name="substr"> 69, </key>
<key name="subtre"> 69,74, </key>
<key name="succeed"> 38, </key>
<key name="successful"> 78, </key>
<key name="suggest"> 39,28,37, </key>
<key name="suit"> 12,46,47,38,10,95,15,94,64, </key>
<key name="summari"> 81, </key>
<key name="summary"> 41,42,43,60,81, </key>
<key name="sup"> 77, </key>
<key name="suppli"> 38, </key>
<key name="support"> 12, </key>
<key name="sur"> 40,92,93, </key>
<key name="surnam"> 45, </key>
<key name="suspect"> 20, </key>
<key name="suspend"> 62, </key>
<key name="symbol"> 17,22,86, </key>
<key name="syntax"> 19,45, </key>
<key name="system"> 11,49,79,45,5,2,59,95,56,15,77,64, </key>
<key name="system32"> 77, </key>
<key name="t"> 25,30, </key>
<key name="tab"> 11,8,18,96,46,47,3,39,48,49,9,20,85,21,4,50,51,52,58,40,23,5,10,91,92,97,26,27,93,44,54,59,95,81,14,86,34,31,87,89,99,62,36,37,82,64, </key>
<key name="tag"> 12,46,79,30,14,29,37,76,77,83, </key>
<key name="tak"> 48,20,53,59,32, </key>
<key name="target"> 75,76,77, </key>
<key name="task"> 2,72,30,13,15, </key>
<key name="telephon"> 26, </key>
<key name="templat"> 7,41,10, </key>
<key name="temporari"> 78,48,20,85,87, </key>
<key name="temporary"> 73,76, </key>
<key name="ten"> 18,25, </key>
<key name="term"> 43, </key>
<key name="test"> 41,42,43, </key>
<key name="text"> 41,8,39,50,51,42,43,59,29,74,37, </key>
<key name="them"> 78,18,47,4,22,5,91,92,26,93,95,81,37,64, </key>
<key name="third"> 95,37, </key>
<key name="thoroughnes"> 45, </key>
<key name="thos"> 48,49,4,53,55,72, </key>
<key name="though"> 4, </key>
<key name="thre"> 38,35, </key>
<key name="thread"> 50,51,59,29, </key>
<key name="threshold"> 59,64, </key>
<key name="thu"> 28, </key>
<key name="thumbnail"> 95, </key>
<key name="thunderbird"> 37, </key>
<key name="tim"> 78,11,17,66,18,84,22,28,5,25,67,69,2,54,60,81,14,86,32,61,87,89,37,76,77,82, </key>
<key name="timeout"> 17,58,26,59,61, </key>
<key name="timezon"> 29, </key>
<key name="tip"> 23,30, </key>
<key name="tl"> 52,58,59, </key>
<key name="token"> 17,61, </key>
<key name="told"> 84, </key>
<key name="too"> 81, </key>
<key name="tool"> 11,22,23,5,30,13,32,15,76, </key>
<key name="toolbar"> 11,41,8,19,84,9,22,23,28,5,10,26,42,43,30,44,89, </key>
<key name="total"> 19,79,80,30, </key>
<key name="trac"> 13, </key>
<key name="traffic"> 62, </key>
<key name="train"> 46, </key>
<key name="transaction"> 52,58, </key>
<key name="transf"> 90, </key>
<key name="transfer"> 90, </key>
<key name="trash"> 17,28,31,77, </key>
<key name="tri"> 38,88, </key>
<key name="trig"> 87, </key>
<key name="troubl"> 30,83, </key>
<key name="troubleshoot"> 81, </key>
<key name="trust"> 52,58, </key>
<key name="try"> 20,58, </key>
<key name="turn"> 46,99,37,82, </key>
<key name="two"> 66,46,47,91,2,72,81, </key>
<key name="typ"> 8,18,19,39,48,49,9,45,22,28,5,25,10,53,42,43,72,30,59,95,60,81,56,74,15,37,35,64, </key>
<key name="u"> 38, </key>
<key name="ui"> 17,4,5,91,92,26,0,93,37, </key>
<key name="un"> 62, </key>
<key name="unauthoriz"> 48,49,20,53, </key>
<key name="unavailabl"> 28,72,36, </key>
<key name="unchang"> 17, </key>
<key name="uncheck"> 3,22, </key>
<key name="undeploy"> 1,98, </key>
<key name="unifi"> 11,35, </key>
<key name="uninstal"> 1,98, </key>
<key name="uninstall"> 95,14, </key>
<key name="uniqu"> 78,17,86, </key>
<key name="uniquenes"> 14,88, </key>
<key name="unit"> 65, </key>
<key name="unknown"> 52, </key>
<key name="unles"> 28, </key>
<key name="unlimit"> 17,4,23,26,37,63, </key>
<key name="unlock"> 20,85, </key>
<key name="unprovision"> 76,77, </key>
<key name="unread"> 46, </key>
<key name="unreadabl"> 78, </key>
<key name="unsolicit"> 46,52, </key>
<key name="up"> 17,41,45,50,51,40,22,2,55,72,86,87,89,99,37,76,77, </key>
<key name="updat"> 18,47,4,67,26,81,29,94, </key>
<key name="upload"> 7,52,0,14,99, </key>
<key name="url"> 11,45,38,40,42,43, </key>
<key name="us"> 11,12,7,17,66,41,8,96,19,46,3,84,9,20,21,79,4,45,38,40,22,28,5,25,10,91,92,67,68,69,26,0,27,42,43,70,16,72,65,90,93,30,44,95,73,60,81,14,86,29,34,32,57,61,87,89,74,15,37,35,76,77,63,83,64, </key>
<key name="usag"> 11,79,25,26,86, </key>
<key name="useful"> 28,55, </key>
<key name="user"> 7,17,66,41,8,46,39,48,9,20,85,21,4,45,38,52,58,40,22,28,5,25,10,91,92,69,26,27,2,72,65,93,30,95,14,86,29,34,31,32,87,89,88,74,62,15,37,76,77,63,83, </key>
<key name="usernam"> 41,70,16,65, </key>
<key name="usual"> 6, </key>
<key name="utiliti"> 13, </key>
<key name="utility"> 14, </key>
<key name="utiliz"> 76, </key>
<key name="vacation"> 37, </key>
<key name="valid"> 17,8,38,40, </key>
<key name="valu"> 45,22,26,43,54,6, </key>
<key name="variabl"> 77, </key>
<key name="variant"> 91, </key>
<key name="variou"> 11,45,5, </key>
<key name="verifi"> 45,25, </key>
<key name="verification"> 75,76,77, </key>
<key name="verify"> 1,98, </key>
<key name="version"> 94, </key>
<key name="via"> 49,59, </key>
<key name="view"> 78,11,7,17,46,48,20,21,79,4,23,28,5,25,10,91,0,53,30,60,81,14,6,29,61,37,82,63,83, </key>
<key name="violat"> 56, </key>
<key name="violator"> 56, </key>
<key name="virtual"> 11,41,40,44, </key>
<key name="viru"> 78,11,47,48,79,54,59,60,82, </key>
<key name="virus"> 49,79, </key>
<key name="voip"> 95, </key>
<key name="volum"> 11,79,59,60,64, </key>
<key name="wait"> 29, </key>
<key name="walk"> 41, </key>
<key name="want"> 66,41,19,39,22,5,25,10,92,55,93,30,56,34,1,98,74, </key>
<key name="warn"> 71,76,77, </key>
<key name="warning"> 71,76,77, </key>
<key name="way"> 18,30, </key>
<key name="web"> 12,7,39,21,4,52,58,40,22,5,10,91,92,26,27,93,59,95,14,29,57,61,37, </key>
<key name="webmail"> 17,57, </key>
<key name="websit"> 95, </key>
<key name="week"> 37, </key>
<key name="welcom"> 76,77, </key>
<key name="well"> 12, </key>
<key name="what"> 4,22,5,72,56,6,35,63, </key>
<key name="whenev"> 34, </key>
<key name="wheth"> 11,20,4,45,38,22,72,59,14,37,76,77,64, </key>
<key name="whil"> 78,71,72,95,81,32,76,77, </key>
<key name="whos"> 25,30,59,64, </key>
<key name="wid"> 11, </key>
<key name="wiki"> 11,41,10,91,35, </key>
<key name="will"> 17,66,41,48,21,58,22,23,5,10,67,69,27,72,95,73,29,31,87,74,75,76,77,63, </key>
<key name="window"> 11,17,73,29,87,74,35,76,77, </key>
<key name="with"> 38, </key>
<key name="within"> 11,7,17,45,38,10,91,42,95,14,61,87,37,35,83, </key>
<key name="without"> 45,40,30,61,62,83, </key>
<key name="wizard"> 11,41,45,38,22,28,10,67,69,42,43,70,16,72,65,30,44,73,14,74,76,77, </key>
<key name="word"> 22, </key>
<key name="work"> 72,95,37,77, </key>
<key name="would"> 38,28,69,74, </key>
<key name="writ"> 41, </key>
<key name="writh"> 74, </key>
<key name="wrong"> 85, </key>
<key name="www"> 95, </key>
<key name="x"> 79,52,54, </key>
<key name="year"> 79, </key>
<key name="yes"> 1,98, </key>
<key name="your"> 17,96,19,47,3,49,45,38,52,23,5,25,91,92,97,68,69,26,2,93,30,95,81,56,34,57,98,89,74,76,77,64, </key>
<key name="z"> 17,86, </key>
<key name="zc"> 7,96,19,46,91,92,69,26,55,93,95,14,86,98,99,76,77, </key>
<key name="zimbra"> 78,11,12,7,66,46,47,39,48,21,79,4,45,38,50,51,52,58,40,22,5,10,91,80,92,67,97,69,26,0,27,55,70,16,72,65,93,13,59,95,73,60,81,14,86,29,57,98,61,89,88,99,74,75,15,37,35,76,77,94,82,64, </key>
<key name="zimbraaccount"> 45, </key>

</ftswdata>  
