<?xml version='1.0' encoding='windows-1252' ?>
<!-- saved from url=(0014)about:internet -->
<ftswdata>
<key name="ensur"> 38,72,86, </key>
<key name="ent"> 66,41,18,19,84,85,45,38,58,40,22,23,28,5,25,10,68,69,27,42,43,70,16,72,65,30,89,74,35,76,77,64, </key>
<key name="enter"> 17,41,19,46,45,38,40,28,42,43,87,35, </key>
<key name="entir"> 69, </key>
<key name="entri"> 17,66,45,30,74,83, </key>
<key name="entry"> 45,38,99, </key>
<key name="envelop"> 81, </key>
<key name="environment"> 11,3,10, </key>
<key name="equal"> 45, </key>
<key name="equipment"> 11,28,30, </key>
<key name="error"> 38,80,71,60,81,76,77, </key>
<key name="establish"> 44, </key>
<key name="etc"> 84,45,28,86,33,89, </key>
<key name="evaluat"> 81, </key>
<key name="even"> 4, </key>
<key name="every"> 66,47,4,52,60,37, </key>
<key name="everyon"> 25,30, </key>
<key name="ex"> 76,77, </key>
<key name="exampl"> 17,18,84,4,45,38,40,22,25,69,65,86,89,74,35, </key>
<key name="exceed"> 87, </key>
<key name="except"> 31, </key>
<key name="exception"> 52,6, </key>
<key name="exchang"> 66,72,73,74,76, </key>
<key name="execut"> 13, </key>
<key name="executabl"> 11,76,77, </key>
<key name="executiv"> 4, </key>
<key name="exhibit"> 56, </key>
<key name="exist"> 20,4,45,22,23,91,69,42,30,32,74,75,76,77,64, </key>
<key name="expand"> 79,14, </key>
<key name="experienc"> 95, </key>
<key name="expir"> 78,17,61,87, </key>
<key name="expiration"> 17, </key>
<key name="explicit"> 4,45,52,58,43,54, </key>
<key name="expos"> 28, </key>
<key name="exposur"> 61, </key>
<key name="expression"> 42,43, </key>
<key name="extend"> 0, </key>
<key name="extension"> 11,48,49,0,53,54,14,1, </key>
<key name="external"> 12,7,17,41,45,38,52,58,68,42,43,44,59,86,34,57,89,37, </key>
<key name="fail"> 17,41,20,26,42,43,86,87, </key>
<key name="failur"> 78, </key>
<key name="far"> 11, </key>
<key name="fashion"> 86, </key>
<key name="featur"> 12,17,39,4,45,22,5,92,26,27,93,30,14,6,86,29,31,61,15,37,35,83, </key>
<key name="field"> 66,8,18,19,46,3,39,21,52,58,22,28,25,10,92,26,42,43,72,93,59,14,34,87,37,35,64, </key>
<key name="fil"> 78,11,47,48,49,10,0,53,71,72,65,30,59,81,32,1,98,99,76,77,83,64, </key>
<key name="filt"> 46,47,79,45,38,69,42,43,72,81,14,74, </key>
<key name="filter"> 78,12,46,45,27,57,37, </key>
<key name="final"> 90, </key>
<key name="find"> 18,19,25,32,35,76,77, </key>
<key name="finish"> 41,3,22,28,10,42,43, </key>
<key name="first"> 45,22,69,2,72,86,29,32,74,37,35,76,77, </key>
<key name="fix"> 81, </key>
<key name="flag"> 37, </key>
<key name="flander"> 74, </key>
<key name="floor"> 28, </key>
<key name="flush"> 81, </key>
<key name="fold"> 7,17,8,46,10,72,14,29,31,61,37,76,77, </key>
<key name="folder"> 12,7,10,72,65,30,14,29,31,32,33,74,37,76,77,83, </key>
<key name="follow"> 11,17,19,46,48,20,4,45,38,50,51,52,58,28,10,80,68,69,53,70,16,65,30,13,44,54,59,60,81,56,14,29,87,74,76,77,63,64, </key>
<key name="font"> 37, </key>
<key name="forc"> 17,52,58,34,89, </key>
<key name="forget"> 86,89, </key>
<key name="forgotten"> 20,30,81, </key>
<key name="format"> 65,60,29, </key>
<key name="forum"> 11,35, </key>
<key name="forward"> 11,18,22,25,26,27,2,30,14,29,37, </key>
<key name="fre"> 28,59,37, </key>
<key name="frequency"> 47, </key>
<key name="frequent"> 78,28, </key>
<key name="ful"> 56, </key>
<key name="full"> 12,65,73,76,77,64, </key>
<key name="function"> 11, </key>
<key name="g"> 52, </key>
<key name="gal"> 11,41,39,45,22,25,43,44,54,29,37, </key>
<key name="gallery"> 95, </key>
<key name="gateway"> 58, </key>
<key name="gb"> 79, </key>
<key name="general"> 41,3,20,85,4,52,40,22,5,91,92,26,93,30,44,54,59,86,29,33,89, </key>
<key name="generat"> 80,2, </key>
<key name="get"> 48,49,21,40,53,63, </key>
<key name="giv"> 10,37, </key>
<key name="given"> 7,41,45,10, </key>
<key name="global"> 11,7,17,41,46,47,48,49,4,45,50,51,52,58,22,5,10,2,53,43,13,54,59,6,57,15,37, </key>
<key name="gn"> 45, </key>
<key name="go"> 11,18,96,79,91,97,42,43,95,81,75,76,77,64, </key>
<key name="good"> 89, </key>
<key name="grant"> 45,38,99, </key>
<key name="graph"> 79, </key>
<key name="graphical"> 60, </key>
<key name="greet"> 52,56, </key>
<key name="group"> 7,8,4,25,69,30,73,14,29,74,37,76,77, </key>
<key name="guid"> 66,46,22,70,16,13,44,59,95,60,15,76,77, </key>
<key name="hack"> 20, </key>
<key name="ham"> 46, </key>
<key name="handl"> 46,86,87, </key>
<key name="happen"> 72, </key>
<key name="hav"> 45,40,30,81,61,83, </key>
<key name="head"> 21,52,30,37, </key>
<key name="header"> 54,63, </key>
<key name="help"> 11,10,70,16,74,35,76,77,94, </key>
<key name="helpful"> 28, </key>
<key name="her"> 78,11,10, </key>
<key name="hid"> 22,25, </key>
<key name="hidden"> 22,26,27, </key>
<key name="hierarchy"> 76,77, </key>
<key name="high"> 12, </key>
<key name="highlight"> 23,59,6,89, </key>
<key name="history"> 17,86, </key>
<key name="hold"> 78,11,60,81, </key>
<key name="host"> 11,41,48,4,45,38,52,58,40,22,70,16,44,59,57,76,77, </key>
<key name="hostnam"> 52,58,55,59,56, </key>
<key name="hour"> 11,17,47,79,60,61,87, </key>
<key name="hov"> 23,30, </key>
<key name="how"> 7,17,46,47,48,20,58,40,22,5,10,91,26,0,53,42,43,95,86,29,31,61,87,37,76,77, </key>
<key name="html"> 29,37, </key>
<key name="http"> 50,51,40,95, </key>
<key name="i"> 22,74, </key>
<key name="icon"> 76,77, </key>
<key name="icppn30"> 77, </key>
<key name="id"> 19,72,65,30,81,33,35,77, </key>
<key name="identifi"> 78,41,44,59, </key>
<key name="identify"> 46,38,69,73,56,14,74, </key>
<key name="identiti"> 14,37, </key>
<key name="identity"> 37, </key>
<key name="idl"> 17,61, </key>
<key name="if"> 17,66,41,18,19,47,39,48,84,9,20,85,79,4,45,38,50,51,52,58,22,28,25,10,67,68,69,26,27,2,42,43,71,72,65,30,54,59,95,60,81,56,14,6,86,29,34,32,57,98,33,61,87,89,88,74,37,35,76,77, </key>
<key name="ignor"> 72,86, </key>
<key name="ill"> 56, </key>
<key name="imag"> 7,91, </key>
<key name="imap"> 11,4,50,51,22,55,54,59,29,15,37, </key>
<key name="immediate"> 11,9,20,22,0,99,62, </key>
<key name="impact"> 39, </key>
<key name="implement"> 56, </key>
<key name="import"> 11,67,69,70,16,71,72,65,73,74,15,76,77, </key>
<key name="important"> 47,4,22,72,59,73,56,6,57,76, </key>
<key name="inaccessibl"> 30, </key>
<key name="inbound"> 11,79, </key>
<key name="inbox"> 29,31, </key>
<key name="inc"> 94, </key>
<key name="includ"> 11,12,7,17,19,4,52,28,5,25,10,91,80,92,2,93,30,44,59,95,60,14,61,99,74,76,77,82,83, </key>
<key name="incom"> 78,11,60,81,56,31,37, </key>
<key name="incorrect"> 14,87, </key>
<key name="increas"> 49,21,72,63, </key>
<key name="index"> 30,59,32,64, </key>
<key name="index1"> 59,64, </key>
<key name="individual"> 7,96,19,20,21,4,22,25,10,91,92,97,69,27,93,30,13,95,81,14,6,34,31,61,87,88,74,35,76,77, </key>
<key name="inform"> 72, </key>
<key name="information"> 11,7,66,41,3,20,85,79,4,45,38,51,22,28,5,10,80,68,26,42,43,70,16,65,30,13,59,95,60,81,1,98,33,61,89,74,15,37,35,76,77,63,64, </key>
<key name="inherit"> 17, </key>
<key name="ini"> 65,77, </key>
<key name="initial"> 22,28,5,2,59,86,29,89,37,64, </key>
<key name="initializ"> 10, </key>
<key name="input"> 45, </key>
<key name="insert"> 41, </key>
<key name="instal"> 11,7,46,47,79,4,80,92,26,59,95,60,14,1,99,76,77,82,64, </key>
<key name="install"> 0,2,13, </key>
<key name="installation"> 41,47,44,54,59, </key>
<key name="instead"> 66,74,76,77, </key>
<key name="instruct"> 57, </key>
<key name="integrat"> 95, </key>
<key name="interact"> 95, </key>
<key name="interfac"> 20,4,91,92,0,93,13,95,37, </key>
<key name="intermix"> 95, </key>
<key name="internal"> 41,84,45,38,68,42,43,44,14,86,88, </key>
<key name="internet"> 29, </key>
<key name="interrupt"> 72, </key>
<key name="interval"> 29, </key>
<key name="invalid"> 86,87,88, </key>
<key name="invit"> 28, </key>
<key name="invitation"> 28,30, </key>
<key name="ip"> 52,54,59,60,81,56, </key>
<key name="isp"> 52,57, </key>
<key name="issu"> 41,45,42,43, </key>
<key name="item"> 19,72,29,37,35,76, </key>
<key name="itself"> 62, </key>
<key name="jo"> 69,65,74, </key>
<key name="joanna"> 74, </key>
<key name="john"> 22, </key>
<key name="joseph"> 74, </key>
<key name="journal"> 72, </key>
<key name="junk"> 17,46,72,31,76,77, </key>
<key name="just"> 41, </key>
<key name="kb"> 79,52, </key>
<key name="keep"> 78,22,5,33, </key>
<key name="key"> 14,29, </key>
<key name="keyboard"> 29, </key>
<key name="keyword"> 76,77, </key>
<key name="kill"> 46, </key>
<key name="know"> 18,45,22,25,26,27,35, </key>
<key name="known"> 45,25, </key>
<key name="label"> 37, </key>
<key name="larg"> 22,55,59,81,76,77,64, </key>
<key name="last"> 11,19,79,45,22,60,35,94,82, </key>
<key name="latest"> 76,77, </key>
<key name="launch"> 95,73, </key>
<key name="layout"> 28, </key>

</ftswdata>  
