<?xml version='1.0' encoding='windows-1252' ?>
<!-- saved from url=(0014)about:internet -->
<ftswdata>
<key name="0"> 7,17,10,90,76,80, </key>
<key name="00"> 63, </key>
<key name="0mb"> 63, </key>
<key name="1"> 17,47, </key>
<key name="10"> 17,59,29,90,78,79,80, </key>
<key name="100"> 41,45,43,29, </key>
<key name="10000"> 52, </key>
<key name="110"> 51,55, </key>
<key name="143"> 50,55, </key>
<key name="2"> 17,42,43,61, </key>
<key name="20"> 51, </key>
<key name="200"> 50, </key>
<key name="2005"> 97, </key>
<key name="2007"> 97, </key>
<key name="24"> 47, </key>
<key name="25"> 52,58,59,29, </key>
<key name="26"> 97, </key>
<key name="30"> 11,17,82,60,31, </key>
<key name="33"> 46, </key>
<key name="365"> 11,82,60, </key>
<key name="389"> 41,45,38,68,42,43, </key>
<key name="4"> 7,10,60,14,97, </key>
<key name="4096"> 59,64, </key>
<key name="48"> 11,82,60, </key>
<key name="5"> 42,14,29,76,79,97, </key>
<key name="50"> 29, </key>
<key name="6"> 17,89,76,79,80, </key>
<key name="60"> 11,82,4,59,60, </key>
<key name="636"> 45,38,42,43, </key>
<key name="64"> 17,89, </key>
<key name="7071"> 16,72, </key>
<key name="7110"> 51,55, </key>
<key name="7143"> 50,55, </key>
<key name="75"> 46, </key>
<key name="7993"> 50,55, </key>
<key name="7995"> 51,55, </key>
<key name="8"> 42, </key>
<key name="9"> 17, </key>
<key name="993"> 50,55, </key>
<key name="995"> 51,55, </key>
<key name="ability"> 12,45, </key>
<key name="abl"> 95,96,62, </key>
<key name="abov"> 11,69,71,59,76,64, </key>
<key name="accent"> 87,92, </key>
<key name="accept"> 28,30,56, </key>
<key name="acces"> 41,8,9,45,38,10,95,100,0,96,30,44,98,14,32,101,102,37,86, </key>
<key name="accidental"> 30,32, </key>
<key name="accommodat"> 56, </key>
<key name="accord"> 48,28,53,90, </key>
<key name="account"> 11,7,17,66,41,8,18,99,19,46,47,3,39,48,49,87,9,20,88,21,82,4,45,38,22,23,28,5,10,94,83,95,67,100,69,26,27,2,53,71,55,74,96,30,13,44,54,98,75,60,14,6,89,29,34,31,32,33,61,90,92,91,76,36,77,15,37,35,78,79,80,63,86,64, </key>
<key name="acm"> 69, </key>
<key name="acros"> 55, </key>
<key name="action"> 17,5,32,61,37,86, </key>
<key name="activ"> 81,11,17,41,19,20,88,38,22,28,83,42,43,30,44,60,84,89,34,61,90,76, </key>
<key name="active"> 64, </key>
<key name="activity"> 11,17,82,60,61, </key>
<key name="ad"> 66,41,8,18,99,46,39,4,45,22,23,28,5,25,26,44,14,29,64, </key>
<key name="adam"> 69, </key>
<key name="adautocomplet"> 45, </key>
<key name="add"> 11,7,41,8,18,3,48,49,52,40,22,23,28,25,10,69,26,0,27,53,42,43,30,54,59,98,14,76,64, </key>
<key name="addition"> 28,94,84,91,37, </key>
<key name="additional"> 11,7,41,18,38,25,42,43,44,59,98,37,64, </key>
<key name="addres"> 11,12,17,41,8,18,19,46,47,39,20,45,38,51,52,40,22,23,28,25,10,69,26,27,2,70,71,43,74,30,59,98,60,84,56,14,29,76,37,35,78,79,80, </key>
<key name="admin"> 11,47,87,0,2,70,16,72,13,1,15,80, </key>
<key name="administration"> 11,7,8,9,52,58,40,0,16,72,65,13,44,59,98,60,14,102,15,35,78,79,80,97, </key>
<key name="administrativ"> 2,80, </key>
<key name="administrator"> 81,17,46,22,28,25,83,2,16,72,13,98,75,60,84,14,89,90,92,15,37,78,79, </key>
<key name="advanc"> 11,12,17,19,21,4,22,5,10,26,14,34,31,61,90,37,35, </key>
<key name="advertis"> 51,59, </key>
<key name="affect"> 74, </key>
<key name="ag"> 17,89,31, </key>
<key name="again"> 17,61,37, </key>
<key name="aggregat"> 82, </key>
<key name="aggressive"> 46, </key>
<key name="alert"> 47,74, </key>
<key name="alia"> 47,45,22,23,26,30,35, </key>
<key name="alias"> 11,19,22,23,26,2,30,35, </key>
<key name="allocat"> 60,63, </key>
<key name="allow"> 17,8,19,88,50,51,52,58,40,10,27,55,14,29,90,37,35, </key>
<key name="along"> 12,82,60,85, </key>
<key name="alphanumeric"> 17,89, </key>
<key name="already"> 28,27,98,6,64, </key>
<key name="alternat"> 22, </key>
<key name="although"> 74, </key>
<key name="alway"> 28,27,14,29, </key>
<key name="amavisd"> 82, </key>
<key name="amount"> 17,21, </key>
<key name="anonymou"> 45,38, </key>
<key name="anoth"> 81,4,45,22,23,30,6, </key>
<key name="answer"> 35, </key>
<key name="anti"> 81,11,46,47,82,54,59,60,85, </key>
<key name="antiviru"> 47, </key>
<key name="any"> 81,7,17,66,18,47,48,28,5,25,10,95,26,0,55,73,74,96,54,98,84,89,29,31,32,61,35,78,79,80,86,64, </key>
<key name="anytim"> 20, </key>
<key name="ap"> 21,54,37,63, </key>
<key name="appear"> 20,22,28,27,76,36,37,78,79,80,64, </key>
<key name="appearanc"> 94,95,96, </key>
<key name="appli"> 37, </key>
<key name="applicabl"> 89, </key>
<key name="application"> 7,10,69,70,71,98,76,37, </key>
<key name="appointment"> 21,28,74,29,37,63, </key>
<key name="appropriat"> 2, </key>
<key name="approximate"> 45, </key>
<key name="arbitrari"> 52, </key>
<key name="architectur"> 82, </key>
<key name="archiv"> 47, </key>
<key name="area"> 11,18,5,25,30, </key>
<key name="arrow"> 35, </key>
<key name="ask"> 1,101,78,79,80, </key>
<key name="assign"> 17,66,3,21,4,22,5,30,44,6,15,64, </key>
<key name="assist"> 30,86, </key>
<key name="associat"> 3,21,23,5,30,6,32,1,101, </key>
<key name="assum"> 38,69,71,76, </key>
<key name="asterisk"> 22, </key>
<key name="attach"> 48,49,28,53, </key>
<key name="attachment"> 17,48,49,21,4,52,22,5,26,53,54,6,32,15,37,78,79,80,63, </key>
<key name="attempt"> 81,17,20,88,38,84,14,90, </key>
<key name="attende"> 28, </key>
<key name="attribut"> 19,4,45,38,22,5,89,31,79, </key>
<key name="audit"> 86, </key>
<key name="auth"> 17,52,58,61, </key>
<key name="authenticat"> 17,52,58,16,72,65, </key>
<key name="authentication"> 11,17,41,87,38,52,58,40,42,44,54,59,14,89,34,92,91, </key>
<key name="author"> 12, </key>
<key name="auto"> 3,22,28, </key>
<key name="autocomplet"> 39,45,29,37, </key>
<key name="automat"> 46, </key>
<key name="automatic"> 29, </key>
<key name="automatical"> 7,17,66,99,19,46,47,20,21,4,22,28,5,83,26,2,30,59,60,31,32,61,90,102,37,63,64, </key>
<key name="av"> 54, </key>
<key name="availabl"> 7,18,99,3,82,4,45,50,51,22,28,5,10,94,95,100,26,70,71,96,13,98,60,14,102,15,37,35, </key>
<key name="averag"> 83, </key>
<key name="avoid"> 52,58, </key>
<key name="back"> 81,11,18,25, </key>
<key name="background"> 94,32,37, </key>
<key name="bar"> 11,19,82,32, </key>
<key name="bas"> 17,45,38,22,10,69,71,42,43,56,92,76,37, </key>
<key name="basi"> 45,28,42,43,55,34, </key>
<key name="basic"> 19,45,29, </key>
<key name="be"> 81,20,82,38,73,74,54,34,31,78,79,80, </key>
<key name="becom"> 45,22,69,71,43,30,44,29,32,102,76,79,80,64, </key>
<key name="befor"> 81,17,66,19,82,5,74,56,14,89,29,31,32,90,37,78,79,80,64, </key>
<key name="begin"> 74,76,78,79,80, </key>
<key name="behav"> 26,56,29, </key>
<key name="behavior"> 56, </key>
<key name="below"> 17,18,21,25,98,37,78,79,80,63, </key>
<key name="bind"> 41,45,38,42,43,59, </key>
<key name="blank"> 18,46,25,42, </key>
<key name="blob"> 59,64, </key>
<key name="block"> 47,48,4,54, </key>
<key name="book"> 11,12,17,18,39,45,25,69,98,14,37,79,80, </key>
<key name="boolean"> 45, </key>
<key name="both"> 11,41,45,43,74,44,6,61, </key>
<key name="bottom"> 11,18,25, </key>
<key name="bounc"> 81,48,49,83,53, </key>
<key name="box"> 11,17,66,41,8,18,99,40,22,25,95,42,43,73,74,96,59,89,34,1,101,102,76,35,78,79,80,64, </key>
<key name="brows"> 11,17,0,61,102,76, </key>
<key name="build"> 19,28,69,71,76,37, </key>
<key name="built"> 37, </key>
<key name="bulk"> 22,13, </key>
<key name="busy"> 28,37, </key>
<key name="button"> 11,17,95,96,84,61, </key>
<key name="byt"> 82,59,64, </key>
<key name="ca"> 13, </key>
<key name="cach"> 39,84, </key>
<key name="cal"> 22, </key>
<key name="calculat"> 31, </key>
<key name="calendar"> 12,21,28,25,74,30,98,29,33,15,37,78,79,80,63,86, </key>
<key name="call"> 98, </key>
<key name="cancel"> 32, </key>
<key name="cannot"> 81,17,48,87,9,45,38,52,58,22,5,25,2,55,30,59,14,89,32,92,76,64, </key>
<key name="canonical"> 22,14, </key>
<key name="capabiliti"> 12,14, </key>
<key name="capacity"> 28, </key>
<key name="car"> 74, </key>
<key name="cas"> 17,28,74,6,89,57, </key>
<key name="categori"> 37,79, </key>
<key name="caution"> 32,57, </key>
<key name="ceil"> 54, </key>
<key name="central"> 11,37, </key>
<key name="certain"> 74, </key>
<key name="certificat"> 13, </key>
<key name="chang"> 11,7,17,66,41,99,46,3,48,87,9,20,88,21,82,4,52,58,40,22,23,28,5,10,94,95,100,26,55,16,72,96,30,54,59,98,60,14,6,89,29,34,33,90,92,76,36,37,78,79,80,85,63,64, </key>
<key name="chapt"> 46,98,60, </key>
<key name="character"> 17,87,89,92, </key>
<key name="check"> 17,66,41,8,99,47,9,82,52,58,22,28,25,95,69,71,42,43,72,74,65,96,54,59,56,89,29,34,32,61,90,92,102,76,62,77,37,63,64, </key>
<key name="checkbox"> 25,74, </key>
<key name="checkmark"> 95,96,59, </key>
<key name="choic"> 37, </key>

</ftswdata>  
