<?xml version='1.0' encoding='windows-1252' ?>
<!-- saved from url=(0014)about:internet -->
<ftswdata>
<key name="choos"> 41,20,69,75,34,62,36, </key>
<key name="chosen"> 3, </key>
<key name="cisco"> 98, </key>
<key name="city"> 28, </key>
<key name="clam"> 47, </key>
<key name="clamav"> 47, </key>
<key name="clas"> 11,7,66,41,99,3,48,4,22,28,5,94,95,26,53,96,30,44,6,34,15, </key>
<key name="classify"> 37, </key>
<key name="clear"> 17,50,51,52,58,59, </key>
<key name="cli"> 13,59,98, </key>
<key name="click"> 11,17,66,41,8,18,99,19,3,87,9,20,21,40,22,23,28,5,25,10,24,67,100,69,26,0,70,71,42,43,16,72,73,74,65,44,98,75,84,29,34,32,1,101,33,61,90,92,102,76,62,36,77,35,78,79,80,63,64, </key>
<key name="clickabl"> 17,61, </key>
<key name="client"> 17,39,20,21,4,52,58,40,22,5,10,94,95,26,27,96,98,56,14,29,61,37,79, </key>
<key name="clos"> 18,19,20,38,30,32, </key>
<key name="cn"> 45,69,70,71,76,78, </key>
<key name="co"> 11,17,66,41,99,3,39,48,20,21,4,45,22,28,5,95,100,26,27,53,96,54,98,14,6,89,29,34,31,61,90,91,102,15,37,63, </key>
<key name="collaboration"> 12,7,46,47,38,10,98,15,37,79,97,64, </key>
<key name="colleagu"> 37, </key>
<key name="collect"> 7,10, </key>
<key name="color"> 94,37, </key>
<key name="column"> 11,3,100,26,63, </key>
<key name="com"> 45,38,40,22,69,27,71,98,84,76, </key>
<key name="com_zimbra_dat"> 98, </key>
<key name="com_zimbra_email"> 98, </key>
<key name="com_zimbra_phon"> 98, </key>
<key name="com_zimbra_url"> 98, </key>
<key name="combin"> 45, </key>
<key name="combination"> 14,91, </key>
<key name="comma"> 25,76, </key>
<key name="command"> 22,13,59,61, </key>
<key name="commercial"> 52, </key>
<key name="commit"> 3,23,34,92, </key>
<key name="common"> 48,49,45,25,69,53,71,30,57,76,37,35,78, </key>
<key name="company"> 18,45,40,22,25,26,98, </key>
<key name="complet"> 66,41,18,19,39,45,40,22,23,25,94,69,42,43,16,72,73,65,98,32,76,15,37,35,78,79,80, </key>
<key name="complex"> 17,19,14,35, </key>
<key name="compos"> 26,29,31,57,37, </key>
<key name="compres"> 59,64, </key>
<key name="compression"> 59,64, </key>
<key name="compromis"> 56, </key>
<key name="comput"> 49,0,102,78,79,80, </key>
<key name="computer"> 61, </key>
<key name="concern"> 39, </key>
<key name="concurrenc"> 74, </key>
<key name="condition"> 37, </key>
<key name="conduct"> 75,78, </key>
<key name="configur"> 11,17,66,41,19,46,47,48,49,88,4,45,38,50,51,52,58,40,22,23,28,94,95,27,53,42,43,55,96,30,44,54,98,60,14,89,29,31,61,91,15,37,78,79,80,63,64, </key>
<key name="configuration"> 11,17,41,8,99,9,20,45,38,40,22,10,26,0,42,43,13,44,59,98,29,1,101,102,37, </key>
<key name="confirm"> 92, </key>
<key name="confus"> 57, </key>
<key name="connect"> 41,52,58,70,16,72,65,59,75,80, </key>
<key name="connection"> 38,50,51,72,59, </key>
<key name="consecutiv"> 17,20,90, </key>
<key name="consid"> 22,5, </key>
<key name="consider"> 46,38, </key>
<key name="consist"> 7, </key>
<key name="consistent"> 74, </key>
<key name="consol"> 11,7,8,87,9,52,58,40,0,16,72,13,44,98,60,14,102,15,35,78,79,80,97, </key>
<key name="consolidat"> 82, </key>
<key name="constraint"> 4,5,6, </key>
<key name="construct"> 45,69,71,76, </key>
<key name="contact"> 17,22,28,25,26,74,30,98,14,29,33,92,15,37,78,79,80, </key>
<key name="contain"> 7,87,82,5,25,10,70,65,30,13,34,61,92,76,37,80, </key>
<key name="content"> 11,7,17,19,20,4,22,23,28,5,25,10,0,30,59,98,60,84,34,32,1,101,61,92,102,36,35,85,86, </key>
<key name="continu"> 17,3,40,69,27,71,42,74,84,76, </key>
<key name="control"> 41,18,9,4,52,25,10, </key>
<key name="conversation"> 12,29,37, </key>
<key name="convert"> 78,79,80, </key>
<key name="cooki"> 61, </key>
<key name="copy"> 26,27,16,72, </key>
<key name="copyright"> 97, </key>
<key name="corn"> 29, </key>
<key name="corporat"> 45, </key>
<key name="correct"> 17,43,90, </key>
<key name="corrupt"> 81,30,84,32, </key>
<key name="cos"> 5,102, </key>
<key name="could"> 81,17,18,4,28,25,84,35, </key>
<key name="count"> 11,82,60, </key>
<key name="creat"> 11,7,17,66,41,19,46,47,3,21,4,52,40,22,23,28,5,25,10,94,67,26,0,27,2,42,43,30,13,44,98,75,60,14,89,29,92,91,102,76,77,15,37,35,78,64, </key>
<key name="criteria"> 19,37,35, </key>
<key name="cronntab"> 83, </key>
<key name="current"> 11,95,74,96,59,79,80,64, </key>
<key name="custom"> 0,14,1,101, </key>
<key name="customiz"> 94,95,96, </key>
<key name="customization"> 94, </key>
<key name="dai"> 83,60, </key>
<key name="dat"> 17,74,98,29,31,37,78,79,80, </key>
<key name="data"> 11,82,59,85,64, </key>
<key name="databas"> 76, </key>
<key name="day"> 11,17,82,4,60,89,31,61,90,37, </key>
<key name="dc"> 45,38, </key>
<key name="decid"> 78,79,80, </key>
<key name="declin"> 28, </key>
<key name="deem"> 82, </key>
<key name="def"> 81, </key>
<key name="default"> 11,17,66,41,99,19,47,4,45,38,50,51,52,58,22,28,5,10,94,95,68,26,43,55,96,44,54,59,98,56,14,89,29,31,61,90,102,37,78,79,80,64, </key>
<key name="defer"> 81,11,60,84, </key>
<key name="defin"> 11,12,7,41,18,47,4,45,38,22,5,26,30,54,59,98,15,37,78,79,80,64, </key>
<key name="delay"> 83, </key>
<key name="delegat"> 12, </key>
<key name="delet"> 11,7,17,41,9,20,21,23,28,5,25,10,24,27,74,30,59,60,84,31,32,1,101,37,78,79,80,63,64, </key>
<key name="deliver"> 81,17,46,47,20,82,27,84,102,62,64, </key>
<key name="deliveri"> 83, </key>
<key name="delivery"> 81,48,52,58,83,27,93,59,84,57,37,35, </key>
<key name="deni"> 4,5, </key>
<key name="department"> 45,22, </key>
<key name="depend"> 82,32, </key>
<key name="deploy"> 11,99,94,26,0,98,102, </key>
<key name="deployment"> 98, </key>
<key name="deposit"> 32, </key>
<key name="descend"> 82,60,63, </key>
<key name="describ"> 41,25,42,43, </key>
<key name="description"> 11,17,41,4,22,28,5,25,44,59,14,91, </key>
<key name="descriptiv"> 28, </key>
<key name="deselect"> 5, </key>
<key name="design"> 49, </key>
<key name="designat"> 22,28,55,57, </key>
<key name="desir"> 20, </key>
<key name="desk"> 11,16,72,78,79,80, </key>
<key name="destination"> 67,69,71,16,72,60,76,77,78,79,80, </key>
<key name="detail"> 11,41,19,28,42,43,16,72,30,59,98,84,15,37, </key>
<key name="determin"> 46,20,4,45,58,5,74,65,6,61,78,79,80, </key>
<key name="develop"> 98,37, </key>
<key name="dialog"> 41,8,3,9,22,23,10,67,69,0,71,16,72,74,65,29,32,92,102,76,77,78,79,80, </key>
<key name="different"> 7,66,3,48,82,4,5,53,59,84,14,6,57,76,15,37, </key>
<key name="digit"> 17, </key>
<key name="direct"> 52,42,43,44,37, </key>
<key name="directory"> 41,45,38,22,28,25,70,42,43,65,44,14,89,34,92,91,76,78,79,80,64, </key>
<key name="disabl"> 11,17,46,39,48,20,45,52,58,5,100,27,53,54,98,14,6,101,37, </key>
<key name="disapprov"> 56, </key>
<key name="discard"> 74, </key>
<key name="disk"> 11,17,21,82,22,60,63, </key>
<key name="disparat"> 98, </key>
<key name="display"> 11,7,41,8,18,19,39,9,82,4,40,22,23,28,25,10,94,69,26,0,27,2,42,43,73,74,65,30,59,98,60,84,14,6,29,32,33,76,77,37,35,78,79,80,85,63,64, </key>
<key name="distinguish"> 68,76, </key>
<key name="distribution"> 11,41,18,19,45,25,10,24,26,74,30,14,15,35, </key>
<key name="divid"> 84, </key>
<key name="dll"> 79,80, </key>
<key name="dn"> 45,38,52,58,40,68,69,70,71,42,43,54,59,56,76, </key>
<key name="do"> 66,39,48,49,40,28,10,100,26,27,53,56,32, </key>
<key name="document"> 81,11,12,7,41,8,9,21,10,44,98,37,35, </key>
<key name="documentation"> 11,94,0,75, </key>
<key name="domain"> 11,7,17,66,41,8,19,9,4,45,38,52,58,40,22,23,5,10,67,69,70,71,42,43,55,30,44,54,75,60,84,56,14,34,76,15,37,35,78,79,80, </key>
<key name="domino"> 68,69,74,65,14,80, </key>
<key name="don"> 49,25,30, </key>
<key name="doubl"> 23,92, </key>
<key name="down"> 8,3,45,23,35, </key>
<key name="download"> 11,47,84,14,15,78,79,80, </key>
<key name="downtim"> 74, </key>
<key name="drop"> 8,3,23,35, </key>
<key name="duplicat"> 74, </key>
<key name="duration"> 17, </key>
<key name="e"> 52,22,76, </key>
<key name="�"> 87,92, </key>
<key name="earli"> 74,84, </key>
<key name="easi"> 0, </key>
<key name="easy"> 94,37, </key>
<key name="edit"> 11,7,8,18,99,9,20,21,40,23,5,10,95,100,26,2,42,43,96,30,44,59,32,33,92,36, </key>
<key name="effect"> 17,20,59, </key>
<key name="eith"> 81,17,41,18,45,25,95,69,71,42,43,96,59,98,84,29,34,31,61,90,76,37,78,79,63,64, </key>
<key name="elaborat"> 94, </key>
<key name="elaps"> 17, </key>
<key name="elsewher"> 54, </key>
<key name="email"> 11,17,66,8,19,46,48,49,21,45,52,22,23,28,25,10,69,26,27,2,53,71,74,30,54,98,60,14,6,29,31,57,76,36,15,37,78,79,80,63, </key>
<key name="embed"> 7, </key>
<key name="employe"> 4,45, </key>
<key name="empty"> 64, </key>
<key name="enabl"> 11,7,17,99,46,47,39,87,4,45,50,51,52,58,22,5,25,10,95,26,27,55,96,54,59,98,56,14,6,89,29,90,102,37, </key>

</ftswdata>  
