<?xml version='1.0' encoding='windows-1252' ?>
<!-- saved from url=(0014)about:internet -->
<ftswdata>
<key name="shift"> 15, </key>
<key name="shortcut"> 11,15,42,37, </key>
<key name="should"> 39,41,46,31,6,42,12, </key>
<key name="show"> 0,39,3,19,16,17,32,38,21,33,34,36,42,24, </key>
<key name="shown"> 10,16,36, </key>
<key name="sid"> 14, </key>
<key name="sign"> 41, </key>
<key name="signatur"> 41,4,6,36,42, </key>
<key name="similar"> 17,38,37, </key>
<key name="simp"> 45,37, </key>
<key name="simpl"> 18, </key>
<key name="simultaneous"> 39, </key>
<key name="sinc"> 36, </key>
<key name="singl"> 39,19,10,14,38, </key>
<key name="sit"> 26,31,30,18,20,12, </key>
<key name="siz"> 9,16,31,38,21, </key>
<key name="slash"> 22, </key>
<key name="slid"> 3, </key>
<key name="slow"> 46, </key>
<key name="smal"> 9,38, </key>
<key name="smith"> 41,38, </key>
<key name="so"> 5,36, </key>
<key name="softwar"> 3,2,15, </key>
<key name="someon"> 2,5, </key>
<key name="someth"> 32,6, </key>
<key name="sometim"> 9,42,20,8, </key>
<key name="sort"> 2,10,24, </key>
<key name="sortabl"> 24, </key>
<key name="sourc"> 11, </key>
<key name="spac"> 21,1, </key>
<key name="spam"> 9,31,6,20,12, </key>
<key name="special"> 2, </key>
<key name="specifi"> 9,10,30,38,42,20,25,37,12, </key>
<key name="specific"> 43,38,37,12, </key>
<key name="specify"> 9,10,38,42, </key>
<key name="spelling"> 37, </key>
<key name="spot"> 27, </key>
<key name="spread"> 2,31,32, </key>
<key name="spreadsheet"> 3,2,32, </key>
<key name="standard"> 9,32, </key>
<key name="start"> 11,38,8, </key>
<key name="statement"> 6,38, </key>
<key name="statu"> 38, </key>
<key name="step"> 10, </key>
<key name="stor"> 13,9,16,1, </key>
<key name="str"> 38,42, </key>
<key name="styl"> 4, </key>
<key name="subject"> 19,4,9,16,32,6,38,42,24,37, </key>
<key name="subscrib"> 18, </key>
<key name="substr"> 9, </key>
<key name="suit"> 11,30, </key>
<key name="supervisor"> 10,6, </key>
<key name="support"> 2,9,21, </key>
<key name="switch"> 15,46,6, </key>
<key name="syndication"> 18, </key>
<key name="syntax"> 42, </key>
<key name="system"> 13,39,3,26,2,43,45,15,46,17,32,6,20,8, </key>
<key name="t"> 9,31,48,20,12, </key>
<key name="tab"> 41,43,4,10,14,15,16,17,47,34,23,48,42,49,1, </key>
<key name="tag"> 39,19,9,10,11,14,16,17,38,42, </key>
<key name="tak"> 19,9, </key>
<key name="task"> 14, </key>
<key name="team"> 42, </key>
<key name="temporari"> 31, </key>
<key name="test"> 9, </key>
<key name="text"> 3,26,2,41,4,9,10,5,28,32,6,38,36,42,37,49, </key>
<key name="them"> 3,10,32,38,21,35,7,42,24,20,37,12, </key>
<key name="themselv"> 32,42, </key>
<key name="therefor"> 2,45,32, </key>
<key name="thing"> 21, </key>
<key name="think"> 31, </key>
<key name="thos"> 39,38,21,20,12, </key>
<key name="thre"> 0,2,38, </key>
<key name="tim"> 41,45,46,6,30,38,7,23,24,20,25,37,49, </key>
<key name="time"> 47, </key>
<key name="titl"> 0,24, </key>
<key name="togeth"> 38, </key>
<key name="too"> 9,31,6, </key>
<key name="tool"> 37, </key>
<key name="toolbar"> 0,4,27,17,38,20, </key>
<key name="top"> 13,5,16,17,20, </key>
<key name="topic"> 6,38, </key>
<key name="total"> 27,14,38, </key>
<key name="train"> 42, </key>
<key name="trash"> 13,9,14,17,30,21,35,42,20,25, </key>
<key name="troubl"> 42, </key>
<key name="try"> 8, </key>
<key name="tun"> 20,12, </key>
<key name="turn"> 10,40,34,42,49, </key>
<key name="turnaround"> 39, </key>
<key name="two"> 13,46, </key>
<key name="txt"> 2,38, </key>
<key name="typ"> 13,0,3,26,2,41,10,46,31,32,38,36,42,18,37,1, </key>
<key name="typical"> 3,26,2,14, </key>
<key name="ui"> 42, </key>
<key name="unacceptabl"> 26, </key>
<key name="uncheck"> 34, </key>
<key name="undeliverabl"> 8, </key>
<key name="unflag"> 14,38, </key>
<key name="uniqu"> 13, </key>
<key name="unknown"> 8, </key>
<key name="unles"> 6, </key>
<key name="unread"> 27,14,16,28,38,33, </key>
<key name="unsolicit"> 20,12, </key>
<key name="untag"> 14, </key>
<key name="unus"> 1, </key>
<key name="unwant"> 20,12, </key>
<key name="up"> 0,3,4,10,24,1, </key>
<key name="updat"> 18,50, </key>
<key name="upload"> 3, </key>
<key name="url"> 46,38,18, </key>
<key name="us"> 13,3,2,4,40,5,15,46,31,17,32,38,21,33,22,36,42,8,37,12, </key>
<key name="usag"> 21, </key>
<key name="useful"> 47, </key>
<key name="user"> 3,2,46,32, </key>
<key name="usual"> 2,6, </key>
<key name="vacation"> 38,42,49, </key>
<key name="valid"> 8, </key>
<key name="valu"> 38,37, </key>
<key name="variety"> 3,2, </key>
<key name="variou"> 2, </key>
<key name="vary"> 6, </key>
<key name="verifi"> 0, </key>
<key name="verify"> 8, </key>
<key name="version"> 46,50, </key>
<key name="via"> 2, </key>
<key name="vic"> 41, </key>
<key name="view"> 26,11,14,16,17,32,38,33,34,42,18,20, </key>
<key name="viewabl"> 26, </key>
<key name="viru"> 31,32, </key>
<key name="virus"> 26,2,31,32, </key>
<key name="visibl"> 42, </key>
<key name="voic"> 49, </key>
<key name="want"> 0,41,4,14,46,6,21,33,36,48,42,18,37, </key>
<key name="way"> 39, </key>
<key name="web"> 2,19,11,46,21,42,18,50, </key>
<key name="weight"> 6, </key>
<key name="well"> 41,17,32, </key>
<key name="what"> 3,10,17,42, </key>
<key name="wherea"> 5, </key>
<key name="wherev"> 39, </key>
<key name="wheth"> 2,40,45,16,42,24, </key>
<key name="whol"> 37, </key>
<key name="whom"> 4,38, </key>
<key name="whos"> 0,2,31,38, </key>
<key name="why"> 5,8, </key>
<key name="wid"> 2, </key>
<key name="wide"> 2, </key>
<key name="widget"> 41, </key>
<key name="wildcard"> 9,37, </key>
<key name="will"> 3,26,2,10,14,15,46,6,38,33,42,18,20,8,37,49, </key>
<key name="window"> 2,41,46,29,33,36, </key>
<key name="winzip"> 2, </key>
<key name="within"> 2,10,27,14,46,16,38,33, </key>
<key name="without"> 9,42,37, </key>
<key name="wmv"> 2, </key>
<key name="word"> 26,2,9,10,32,38,42,37, </key>
<key name="wordpad"> 2, </key>
<key name="work"> 45,46,42,1, </key>
<key name="workstation"> 2,32, </key>
<key name="would"> 9,38,37, </key>
<key name="written"> 36, </key>
<key name="x"> 37, </key>
<key name="x111"> 41, </key>
<key name="xl"> 2, </key>
<key name="y"> 37, </key>
<key name="yes"> 40, </key>
<key name="your"> 13,0,39,3,26,2,41,19,43,4,9,10,11,27,14,44,45,15,46,16,31,17,47,32,6,30,38,21,33,36,7,23,48,42,24,18,20,25,8,37,1,12, </key>
<key name="yyyy"> 38, </key>
<key name="zc"> 11,50, </key>
<key name="zimbra"> 2,11,46,31,47,30,38,21,20,25,37,50, </key>
<key name="zip"> 26,2,31,32, </key>

</ftswdata>  
