<?xml version='1.0' encoding='windows-1252' ?>
<!-- saved from url=(0014)about:internet -->
<ftswdata>
<key name="mark"> 9,14,28,34, </key>
<key name="markup"> 42, </key>
<key name="match"> 2,4,9,10,42,37, </key>
<key name="maximum"> 45,38,1, </key>
<key name="maxm"> 38, </key>
<key name="mean"> 4,9,10,38,8, </key>
<key name="media"> 2, </key>
<key name="medium"> 39, </key>
<key name="meet"> 37, </key>
<key name="megabyt"> 38, </key>
<key name="member"> 0, </key>
<key name="menu"> 39,28,29, </key>
<key name="messag"> 13,0,39,3,26,2,41,19,4,9,10,40,5,11,27,14,46,16,28,31,17,32,6,29,30,38,21,33,34,35,36,7,23,48,42,24,20,8,37,49,12, </key>
<key name="met"> 10, </key>
<key name="method"> 19,10,28, </key>
<key name="microsoft"> 3,2,32,38, </key>
<key name="might"> 39,31,38,36,20,12, </key>
<key name="minm"> 38, </key>
<key name="mission"> 6, </key>
<key name="mm"> 38, </key>
<key name="mous"> 42,24, </key>
<key name="mov"> 13,0,19,9,14,16,32,35,20,12, </key>
<key name="movi"> 2, </key>
<key name="mpeg"> 2, </key>
<key name="mpg"> 2, </key>
<key name="much"> 4,21, </key>
<key name="multipl"> 0,39,9,10,37,1, </key>
<key name="must"> 13,3,43,9,10,46,32,38,33,37, </key>
<key name="my"> 9,38, </key>
<key name="myra"> 46, </key>
<key name="myra123"> 46, </key>
<key name="�"> 43, </key>
<key name="nam"> 13,0,39,4,9,10,27,46,17,6,38,21,33,22,36,42,18,37,1, </key>
<key name="navigat"> 11,14,46,17, </key>
<key name="ne"> 2,46, </key>
<key name="nearest"> 9, </key>
<key name="necessary"> 10, </key>
<key name="need"> 40,21, </key>
<key name="network"> 32, </key>
<key name="nev"> 8, </key>
<key name="new"> 0,39,3,2,41,43,4,10,5,11,27,14,46,16,47,6,29,38,33,36,42,20,37,1, </key>
<key name="next"> 9,10,27,14,32,6,33,42,12, </key>
<key name="non"> 9, </key>
<key name="normal"> 9,7, </key>
<key name="not"> 0,3,2,43,4,46,31,38,18,1, </key>
<key name="notab"> 2, </key>
<key name="notebook"> 21, </key>
<key name="notepad"> 2, </key>
<key name="notifi"> 47, </key>
<key name="notification"> 2,31,47,21,42, </key>
<key name="numb"> 2,40,27,14,16,38,21,33,36,42,20,37,1,12, </key>
<key name="number"> 14,1, </key>
<key name="�"> 43, </key>
<key name="object"> 38, </key>
<key name="occur"> 45,36, </key>
<key name="off"> 40,45,46,17,34,42,49, </key>
<key name="offer"> 11,46, </key>
<key name="offic"> 3,42,49, </key>
<key name="often"> 2,43, </key>
<key name="ok"> 43,10,29, </key>
<key name="old"> 43,16,30,21,36, </key>
<key name="omit"> 9, </key>
<key name="on"> 13,39,2,19,9,10,17,6,38,42,24,8,37,1, </key>
<key name="onc"> 39,16,49, </key>
<key name="ongo"> 36, </key>
<key name="open"> 0,39,3,26,2,41,4,10,5,11,14,46,28,17,32,29,30,33,35,36,7,42,18,20,37,1, </key>
<key name="operat"> 15, </key>
<key name="operator"> 9, </key>
<key name="opt"> 2, </key>
<key name="option"> 39,26,41,19,43,4,9,10,11,15,46,16,47,38,34,36,23,48,42,37,49,1, </key>
<key name="optional"> 5,6,42, </key>
<key name="ord"> 39,10,46,21,24,37, </key>
<key name="organiz"> 13,19,11, </key>
<key name="organization"> 31, </key>
<key name="original"> 33,36,42,8, </key>
<key name="other"> 9,46,32, </key>
<key name="otherwis"> 40,33, </key>
<key name="out"> 19,9,45,46,42,49,12, </key>
<key name="outgo"> 42, </key>
<key name="outsid"> 32, </key>
<key name="overview"> 13,39,17,22,18,37,1,12, </key>
<key name="packag"> 3, </key>
<key name="pag"> 2,4,14,46,21,36,42, </key>
<key name="paint"> 2, </key>
<key name="pan"> 13,39,3,4,14,16,17,30,33,34,22,42,24,18,25,37,1,12, </key>
<key name="panel"> 37, </key>
<key name="pap"> 26,32, </key>
<key name="parenthes"> 27,16,33, </key>
<key name="part"> 2,10,6,38,36,8, </key>
<key name="particular"> 38,24, </key>
<key name="partner"> 11, </key>
<key name="pas"> 24, </key>
<key name="password"> 43,44,46,42, </key>
<key name="pdf"> 26,2,38, </key>
<key name="peopl"> 38,49, </key>
<key name="per"> 42, </key>
<key name="perform"> 10,14, </key>
<key name="period"> 2,45,46,30,20,25,49, </key>
<key name="periodical"> 45, </key>
<key name="permanent"> 30, </key>
<key name="permit"> 2, </key>
<key name="person"> 4,36,49, </key>
<key name="personal"> 39,32,37,1, </key>
<key name="phon"> 38,37,1, </key>
<key name="photoshop"> 2, </key>
<key name="phras"> 10, </key>
<key name="pictur"> 3, </key>
<key name="plac"> 26,41,9,31,33,36,20,25,12, </key>
<key name="placement"> 42, </key>
<key name="plain"> 4,42, </key>
<key name="play"> 2, </key>
<key name="playabl"> 2, </key>
<key name="plu"> 15,8, </key>
<key name="plug"> 2, </key>
<key name="podcast"> 18, </key>
<key name="point"> 26,32, </key>
<key name="polici"> 2,30, </key>
<key name="policy"> 26,31,38,21, </key>
<key name="populat"> 36,1, </key>
<key name="portion"> 9, </key>
<key name="possib"> 20,12, </key>
<key name="powerful"> 37, </key>
<key name="powerpoint"> 26, </key>
<key name="practic"> 32, </key>
<key name="preced"> 9, </key>
<key name="pref"> 46, </key>
<key name="preferenc"> 41,10,11,36,42, </key>
<key name="prefix"> 38,36,37, </key>
<key name="prepar"> 33, </key>
<key name="presenc"> 9, </key>
<key name="preserv"> 5,21,36, </key>
<key name="president"> 41, </key>
<key name="presum"> 6, </key>
<key name="prevent"> 46, </key>
<key name="previou"> 10,36, </key>
<key name="previous"> 38, </key>
<key name="print"> 29,33, </key>
<key name="priority"> 39, </key>
<key name="privacy"> 46, </key>
<key name="problem"> 43,8, </key>
<key name="proce"> 10, </key>
<key name="proceed"> 18, </key>
<key name="proces"> 32, </key>
<key name="produc"> 38,42, </key>
<key name="program"> 3,2,6, </key>
<key name="prompt"> 2, </key>
<key name="protect"> 46, </key>
<key name="provid"> 39,2,19,46,6,18,8, </key>
<key name="pull"> 39,4,28, </key>
<key name="purg"> 30,21,35,20,25,12, </key>
<key name="put"> 38,20, </key>
<key name="queri"> 38,37, </key>
<key name="query"> 38,42,37, </key>
<key name="quick"> 19,15,37, </key>
<key name="quot"> 38,22,36, </key>
<key name="quota"> 17,21, </key>
<key name="rath"> 41,42, </key>
<key name="re"> 8, </key>
<key name="reach"> 20,1,12, </key>
<key name="read"> 3,2,41,9,14,28,32,38,33,34,42, </key>
<key name="ready"> 3, </key>
<key name="real"> 18,20, </key>
<key name="reason"> 31,8, </key>
<key name="receiv"> 26,2,19,27,16,31,47,32,6,38,21,42,24,20,8,12, </key>
<key name="recent"> 16, </key>
<key name="recipient"> 3,19,4,5,6,38,36,42,8,49, </key>
<key name="recogniz"> 2, </key>
<key name="recommend"> 32, </key>
<key name="recov"> 35, </key>
<key name="recover"> 30,35, </key>
<key name="reduc"> 21, </key>
<key name="refer"> 42, </key>
<key name="referenc"> 2,33, </key>
<key name="refresh"> 27,14, </key>
<key name="regard"> 30, </key>
<key name="regardles"> 26,45,31,49, </key>
<key name="regular"> 28, </key>
<key name="reject"> 26,8, </key>
<key name="relat"> 41,16,37, </key>
<key name="relevant"> 20, </key>
<key name="remain"> 46,30,20,25, </key>
<key name="rememb"> 46,49, </key>
<key name="remov"> 39,4,40,28,7,1, </key>
<key name="renam"> 13,39,22,20, </key>
<key name="rep"> 9,5,11,6,33,36,42,49, </key>
<key name="repeat"> 10, </key>
<key name="repli"> 41,36,42,49, </key>
<key name="reply"> 36, </key>
<key name="report"> 20,12, </key>
<key name="requir"> 46,47,1, </key>
<key name="reset"> 44, </key>
<key name="resid"> 32, </key>
<key name="resolv"> 8, </key>
<key name="resourc"> 21, </key>
<key name="respons"> 47,36, </key>
<key name="restart"> 46, </key>
<key name="result"> 9,42,37, </key>
<key name="retain"> 48, </key>
<key name="retriev"> 19,14,7, </key>
<key name="return"> 9,21,37,49, </key>
<key name="retyp"> 43, </key>
<key name="reus"> 43, </key>
<key name="review"> 16,38,20,12, </key>
<key name="right"> 2,9,14,17,25, </key>
<key name="root"> 18,37, </key>
<key name="rs"> 18, </key>
<key name="rul"> 19,43,9,10,33,42, </key>
<key name="run"> 2,37, </key>
<key name="s"> 39,4,9,17,47,32,6,38,8, </key>
<key name="safari"> 15, </key>
<key name="safety"> 32, </key>
<key name="sam"> 13,26,19,43,9,16,28,32,6,38,37, </key>
<key name="sav"> 0,41,4,9,16,17,47,32,38,21,7,23,48,42,20,37,49, </key>
<key name="saw"> 36, </key>
<key name="say"> 42, </key>
<key name="scan"> 32, </key>
<key name="screen"> 45,46,17, </key>
<key name="scroll"> 47,48, </key>
<key name="se"> 26,11,45,15,16,17,38,33,36,42, </key>
<key name="search"> 19,4,11,17,38,42,37, </key>
<key name="second"> 9,42, </key>
<key name="section"> 39,22,18,37, </key>
<key name="security"> 26,31, </key>
<key name="select"> 13,0,39,3,26,41,43,4,9,10,40,14,15,28,29,35,42,18,37,12, </key>
<key name="semicolon"> 38, </key>
<key name="send"> 3,2,19,4,9,5,11,32,6,29,38,36,7,23,42,18,20,8,49,1, </key>
<key name="sender"> 31,32,6, </key>
<key name="sent"> 13,3,19,4,9,16,17,6,38,21,36,7,23,42,20,8,49, </key>
<key name="sentenc"> 46, </key>
<key name="separat"> 0,6, </key>
<key name="sequenc"> 15, </key>
<key name="session"> 45,46, </key>
<key name="set"> 26,10,45,46,47,32,30,38,21,36,48,42,49,1, </key>
<key name="setting"> 42, </key>

</ftswdata>  
