<?xml version='1.0' encoding='windows-1252' ?>
<!-- saved from url=(0014)about:internet -->
<ftstdata>
<topic name="Query language description" url="Search/query_language_description.htm" />
<topic name="Quick search" url="Search/Quick_search.htm" />
<topic name="Saving search queries" url="Search/saving_search_queries.htm" />
<topic name="Search examples" url="Search/search_examples.htm" />
<topic name="Using the search feature" url="Search/using_the_search_feature.htm" />
<topic name="Using * as a wildcard in Search" url="Search/Using_Wildcard_in_Search.htm" />
<topic name="Assigning tags to messages" url="Tags_and_flags/Assigning_tags_to_messages.htm" />
<topic name="Deleting tags" url="Tags_and_flags/deleting_tags.htm" />
<topic name="Flagging an email message" url="Tags_and_flags/Flagging_an_email_message.htm" />
<topic name="Using tags to classify mail messages" url="Tags_and_flags/Using_tags_to_classify_mail_messages.htm" />
<topic name="Adding POP accounts" url="Userspecific/Adding_POP_accounts.htm" />
<topic name="Saving my work" url="Userspecific/browser_session_handling.htm" />
<topic name="Changing Your User Options" url="Userspecific/Changing_Your_User_Options.htm" />
<topic name="Changing your password" url="Userspecific/chaning_your_password.htm" />
<topic name="If you forget your password" url="Userspecific/if_you_forget_your_password.htm" />
<topic name="If your session expires" url="Userspecific/if_your_session_expires.htm" />
<topic name="Logging on and off" url="Userspecific/logging_on_and_off.htm" />
<topic name="Mail Identities" url="Userspecific/Mail_Identities.htm" />
<topic name="Managing your POP Accounts" url="Userspecific/Managing_your_POP_Accounts.htm" />
<topic name="New mail notifications" url="Userspecific/New_mail_notifications.htm" />
<topic name="Setting a Forwarding Address" url="Userspecific/Setting_a_Forwarding_Address.htm" />
<topic name="Setting your user preferences" url="Userspecific/Setting_your_user_preferences.htm" />
<topic name="Restore Default Options" url="Userspecific/the__restore_defaults__button.htm" />
<topic name="Using a signature" url="Userspecific/using_a_signature.htm" />
<topic name="Vacation message" url="Userspecific/vacation_message.htm" />
<topic name="version" url="version.htm" />
<topic name="About Zimlets" url="Zimlets/About_Zimlets.htm" />

</ftstdata>  
