<?xml version='1.0' encoding='windows-1252' ?>
<!-- saved from url=(0014)about:internet -->
<fts>
<chunkinfo url="whfwdata0.xml" first="1" last="caus"/>
<chunkinfo url="whfwdata1.xml" first="cc" last="doubl"/>
<chunkinfo url="whfwdata2.xml" first="down" last="iii"/>
<chunkinfo url="whfwdata3.xml" first="imag" last="normal"/>
<chunkinfo url="whfwdata4.xml" first="not" last="renam"/>
<chunkinfo url="whfwdata5.xml" first="rep" last="test"/>
<chunkinfo url="whfwdata6.xml" first="text" last="zwc"/>

<tchunkinfo first="0" last="102" url="whftdata0.xml" />
<tchunkinfo first="103" last="129" url="whftdata1.xml" />

</fts>
