<?xml version='1.0' encoding='windows-1252' ?>
<!-- saved from url=(0014)about:internet -->
<ftswdata>
<key name="not"> 129,113,37,38,116,51,23,24,8,10,53,119,120,92,103,98,17,106,54,32,64,107,22,66, </key>
<key name="notab"> 38, </key>
<key name="notebook"> 63,48,49,50,51,52,53,78,54,56,57,58, </key>
<key name="notepad"> 38, </key>
<key name="noth"> 68, </key>
<key name="notic"> 48,3,15, </key>
<key name="notifi"> 122,57, </key>
<key name="notification"> 38,10,53,92,122,78,15,124,54,32, </key>
<key name="notify"> 50,54, </key>
<key name="novemb"> 4, </key>
<key name="now"> 113, </key>
<key name="numb"> 129,113,38,111,74,90,30,34,103,104,78,95,98,124,75,56,22,65, </key>
<key name="number"> 101,89,64,46,22, </key>
<key name="numeric"> 124, </key>
<key name="nut"> 106, </key>
<key name="�"> 116, </key>
<key name="object"> 101,103,19,58, </key>
<key name="occur"> 2,118,98, </key>
<key name="occurrenc"> 13, </key>
<key name="off"> 69,111,61,118,119,96,124,84,127,77, </key>
<key name="offer"> 63,119,107,66, </key>
<key name="offic"> 2,37,19,124,107,127, </key>
<key name="often"> 38,116,124, </key>
<key name="ok"> 109,50,116,52,7,71,8,10,13,27,60,30,53,76,14,105,16,17,54,32,83,20,112,33,21,66, </key>
<key name="old"> 116,35,87,78,98, </key>
<key name="omit"> 59, </key>
<key name="on"> 67,63,0,1,29,4,100,68,109,38,6,70,7,23,39,71,72,10,25,13,59,60,35,61,120,34,76,41,31,14,103,104,18,106,124,32,82,43,64,44,45,112,21,62,58,22,66,77, </key>
<key name="onc"> 4,68,109,111,28,35,44,127, </key>
<key name="ongo"> 98, </key>
<key name="onto"> 109, </key>
<key name="open"> 63,0,1,48,3,100,68,37,88,38,101,6,50,51,23,39,71,72,13,26,27,60,40,35,53,119,120,91,93,94,95,98,15,42,105,106,99,19,124,83,75,20,126,33,107,21,66, </key>
<key name="operat"> 114, </key>
<key name="operation"> 49, </key>
<key name="operator"> 59,62, </key>
<key name="oppos"> 114, </key>
<key name="opt"> 38, </key>
<key name="option"> 0,1,2,29,113,100,109,88,6,50,70,116,115,102,39,8,72,9,10,89,27,59,60,40,61,90,30,119,120,34,121,122,103,96,98,15,125,16,17,99,81,123,124,54,32,84,126,45,46,57,21,127,22,66,77,86, </key>
<key name="optional"> 63,48,3,113,40,53,120,41,56,77, </key>
<key name="orclick"> 98, </key>
<key name="ord"> 100,109,39,60,35,61,53,119,78,125,82,56, </key>
<key name="order"> 35, </key>
<key name="organiz"> 67,63,113,70,124,58, </key>
<key name="organization"> 63,28,53,92,33,58, </key>
<key name="original"> 2,12,120,34,98,80,124,43,47, </key>
<key name="originator"> 11, </key>
<key name="other"> 1,10,59,119,93,58,22, </key>
<key name="otherwis"> 111,95,45, </key>
<key name="out"> 2,69,70,59,118,119,19,124,83,127,65, </key>
<key name="outgo"> 120,124, </key>
<key name="outlook"> 74, </key>
<key name="outsid"> 93,58, </key>
<key name="overview"> 67,129,109,52,7,71,72,110,74,34,105,83,112,77, </key>
<key name="own"> 63,53, </key>
<key name="pacific"> 8,17, </key>
<key name="packag"> 37, </key>
<key name="pad"> 49, </key>
<key name="pag"> 63,2,49,38,50,51,39,72,13,28,61,119,94,104,78,98,17,124,54,20,64,55,56,57,107,21,58,66,77, </key>
<key name="paint"> 38, </key>
<key name="pan"> 67,129,113,100,109,101,51,52,7,23,39,71,72,110,74,35,120,34,76,95,96,15,105,106,99,124,82,83,75,84,85,64,112,107,77, </key>
<key name="pap"> 88,93, </key>
<key name="paragraph"> 57, </key>
<key name="parameter"> 2, </key>
<key name="parent"> 71, </key>
<key name="parenthes"> 74,90,34,95, </key>
<key name="part"> 49,38,60,35,41,103,98,43,44,57,77, </key>
<key name="particular"> 63,113,61,121,103,82,107, </key>
<key name="partner"> 63, </key>
<key name="party"> 129,74,77, </key>
<key name="pas"> 29,95,80,82,64,22, </key>
<key name="password"> 113,116,10,117,119,125,124,54,32, </key>
<key name="path"> 53, </key>
<key name="pattern"> 8, </key>
<key name="pdf"> 100,88,38,103,106, </key>
<key name="peopl"> 0,1,103,127, </key>
<key name="per"> 14,18,124, </key>
<key name="perform"> 100,68,101,60,80,64,107, </key>
<key name="performanc"> 63, </key>
<key name="perhap"> 61,99, </key>
<key name="period"> 38,5,118,119,87,75,85,107,127, </key>
<key name="periodical"> 118, </key>
<key name="permanent"> 87, </key>
<key name="permission"> 63,50,10,54,32,58, </key>
<key name="permit"> 38, </key>
<key name="person"> 48,3,39,120,98,80,124,127, </key>
<key name="personal"> 63,1,7,23,24,28,120,93,104,80,124,112,33,107,22, </key>
<key name="phon"> 129,101,103,104,22, </key>
<key name="photoshop"> 38, </key>
<key name="phras"> 60,106,107, </key>
<key name="pick"> 8,17, </key>
<key name="pictur"> 37, </key>
<key name="plac"> 113,88,52,71,59,74,120,92,76,95,98,75,85,126,58,65, </key>
<key name="placehold"> 62, </key>
<key name="placement"> 124, </key>
<key name="plain"> 39,89,120,124, </key>
<key name="plan"> 2, </key>
<key name="play"> 38, </key>
<key name="playabl"> 38, </key>
<key name="plu"> 43,107, </key>
<key name="plug"> 38, </key>
<key name="podcast"> 83, </key>
<key name="point"> 88,93,77, </key>
<key name="pol"> 90,124, </key>
<key name="polici"> 38,87, </key>
<key name="policy"> 88,92,103,78, </key>
<key name="pop"> 63,113,120,121,80,114,124,47, </key>
<key name="popular"> 69, </key>
<key name="populat"> 23,98,20,22, </key>
<key name="port"> 113, </key>
<key name="portion"> 59,80,114,44,33, </key>
<key name="possib"> 75,65, </key>
<key name="possibl"> 89,114,106,44, </key>
<key name="post"> 10, </key>
<key name="potential"> 69, </key>
<key name="powerful"> 104, </key>
<key name="powerpoint"> 88,107, </key>
<key name="pr"> 101,23,71, </key>
<key name="practic"> 69,93, </key>
<key name="preced"> 59, </key>
<key name="predefin"> 57, </key>
<key name="pref"> 51,119,124,21,66, </key>
<key name="preferenc"> 115,39,89,60,90,120,98,125,124,75, </key>
<key name="prefix"> 120,103,98,124,108,107, </key>
<key name="preformat"> 57, </key>
<key name="pres"> 8,16,17, </key>
<key name="presenc"> 59,61,34, </key>
<key name="present"> 59,14, </key>
<key name="preserv"> 40,78,98, </key>
<key name="president"> 126, </key>
<key name="presum"> 41, </key>
<key name="prevent"> 59,61,119, </key>
<key name="preview"> 129, </key>
<key name="previou"> 68,60,74,120,14,98,124, </key>
<key name="previous"> 101,103,106, </key>
<key name="primary"> 45, </key>
<key name="print"> 1,36,94,31,14,80, </key>
<key name="priority"> 106,112, </key>
<key name="privacy"> 119, </key>
<key name="privileg"> 50,10,53,54,32,22, </key>
<key name="probab"> 69, </key>
<key name="problem"> 116,43, </key>
<key name="proce"> 60, </key>
<key name="procedur"> 106, </key>
<key name="proceed"> 83, </key>
<key name="proces"> 49,93,57,107, </key>
<key name="produc"> 39,103,124, </key>
<key name="program"> 129,37,38,41, </key>
<key name="project"> 35,53, </key>
<key name="project1"> 53, </key>
<key name="prompt"> 38,114, </key>
<key name="properti"> 49,4,50,10,54,32,57, </key>
<key name="protect"> 119, </key>
<key name="provid"> 113,38,70,119,41,83,43,66, </key>
<key name="pt"> 124, </key>
<key name="public"> 63,10,53,54,32, </key>
<key name="pull"> 26,120, </key>
<key name="purg"> 73,87,78,97,75,85,65, </key>
<key name="purpl"> 109, </key>
<key name="put"> 10,35,103,32,75, </key>
<key name="queri"> 74,103,104,105,107, </key>
<key name="query"> 100,109,101,103,104,105,99,124,107, </key>
<key name="quest"> 54,32, </key>
<key name="question"> 69,62, </key>
<key name="quick"> 0,1,2,29,109,70,39,74,104,15,99,124,20,44,107,21,58,66, </key>
<key name="quickadd"> 0,1,124,21, </key>
<key name="quot"> 72,120,103,79,98,124,112,66, </key>
<key name="quota"> 78,77, </key>
<key name="radio"> 106,99, </key>
<key name="random"> 29, </key>
<key name="rang"> 106, </key>
<key name="rath"> 124,62, </key>
<key name="re"> 35,125,43,107, </key>
<key name="reach"> 61,75,22,65, </key>
<key name="read"> 63,113,37,38,101,50,39,89,59,35,61,91,93,94,103,95,96,15,80,124,54,32,84,126,45,46,107,77, </key>
<key name="readabl"> 107, </key>
<key name="ready"> 37, </key>
<key name="real"> 83,75, </key>
<key name="reason"> 92,43, </key>
<key name="receiv"> 63,48,3,113,88,38,101,70,28,35,90,120,34,121,92,122,93,41,103,78,15,18,106,124,82,75,84,43,65, </key>
<key name="recent"> 120,34,124,20, </key>
<key name="recipient"> 63,37,70,40,41,103,98,124,43,45,33,127, </key>
<key name="recogniz"> 38, </key>
<key name="recommend"> 93, </key>
<key name="record"> 26, </key>
<key name="recov"> 73,97, </key>
<key name="recover"> 87,97, </key>
<key name="recur"> 0,1,2,8,11,13,15,18, </key>
<key name="recurrenc"> 8,20, </key>
<key name="red"> 5, </key>
<key name="reduc"> 78, </key>
<key name="refer"> 124, </key>
<key name="referenc"> 38, </key>
<key name="reflect"> 8,17, </key>
<key name="refresh"> 69,121,17,99, </key>
<key name="regard"> 87, </key>
<key name="regardles"> 88,118,92,127, </key>
<key name="regular"> 73, </key>
<key name="reject"> 1,48,3,88,43, </key>
<key name="relat"> 63,35,34,104,126, </key>
<key name="relativ"> 64, </key>
<key name="relevant"> 75, </key>
<key name="reliabl"> 63, </key>
<key name="reload"> 69,114,83, </key>
<key name="remain"> 69,119,87,75,85, </key>
<key name="rememb"> 119,106,54,127, </key>
<key name="remind"> 15,114,124, </key>
<key name="remot"> 7, </key>
<key name="remov"> 113,109,50,10,25,110,15,42,54,32,33,22, </key>
<key name="renam"> 67,79,80,75, </key>

</ftswdata>  
