<?xml version='1.0' encoding='windows-1252' ?>
<!-- saved from url=(0014)about:internet -->
<ftswdata>
<key name="down"> 2,68,39,8,26,60,120,122,104,16,17,106,99,123,82,64,44,112,107,22, </key>
<key name="download"> 38,69,93, </key>
<key name="draft"> 39,74,80,42,114,75,77, </key>
<key name="drag"> 67,0,109,25,73,13,76,97,75,20,64,21, </key>
<key name="drop"> 67,2,109,39,73,26,60,61,120,76,104,97,16,17,106,99,20,64,107,22, </key>
<key name="du"> 43, </key>
<key name="e"> 88,118,92, </key>
<key name="�"> 116, </key>
<key name="easi"> 51,89,46,57,107, </key>
<key name="eastern"> 8,17, </key>
<key name="easy"> 57,21, </key>
<key name="ed"> 45, </key>
<key name="edit"> 63,4,50,10,26,60,28,121,15,80,42,54,32,44,55,56,47,57,58,22, </key>
<key name="editor"> 63,38,51,124,46,55,56,57,58, </key>
<key name="edward"> 44, </key>
<key name="effect"> 125, </key>
<key name="eight"> 4, </key>
<key name="eith"> 0,2,100,50,51,39,8,9,10,73,74,35,120,31,103,98,15,105,16,17,18,106,124,54,32,75,45,33,57,58,65,66,86, </key>
<key name="element"> 55, </key>
<key name="eligibl"> 41, </key>
<key name="els"> 40, </key>
<key name="email"> 63,129,0,1,2,48,3,29,113,37,88,38,101,50,70,23,39,24,8,72,9,10,11,13,89,26,59,60,111,74,28,61,53,119,120,34,121,92,76,122,93,41,87,103,104,78,96,98,15,114,16,17,18,106,19,123,124,54,32,82,20,43,44,46,33,127,58,22,65,66,86, </key>
<key name="embed"> 58, </key>
<key name="employe"> 41, </key>
<key name="empty"> 87,78,75,85,65, </key>
<key name="enabl"> 63,29,39,121,122,96,98,99,81,123,124,126,127,22,77, </key>
<key name="end"> 38,8,103,98,16,17,106,124,126,21, </key>
<key name="enforc"> 78, </key>
<key name="engineer"> 126, </key>
<key name="enough"> 122, </key>
<key name="ent"> 0,2,113,109,116,51,7,23,39,71,24,8,72,10,26,60,40,53,119,120,122,104,16,17,106,99,19,124,54,32,83,44,45,112,33,21,127,66, </key>
<key name="enter"> 0,113,51,26,105,22, </key>
<key name="entir"> 28,35,76,94,45, </key>
<key name="entri"> 28,93,22, </key>
<key name="entry"> 24,104,80,114, </key>
<key name="environment"> 38, </key>
<key name="equipment"> 2,18, </key>
<key name="erica"> 44, </key>
<key name="erica878"> 44, </key>
<key name="error"> 113,43, </key>
<key name="esc"> 44, </key>
<key name="escap"> 62, </key>
<key name="establish"> 53, </key>
<key name="etc"> 101,116,108,57,107,66, </key>
<key name="ev"> 61, </key>
<key name="evaluat"> 61, </key>
<key name="evaluation"> 59,61, </key>
<key name="even"> 38,39,89,59,35,61,118,34,93,33, </key>
<key name="event"> 63,0,1,2,4,60,16,17, </key>
<key name="eventual"> 69, </key>
<key name="every"> 8,61,90,119,124,43,77, </key>
<key name="everyon"> 24,98,33, </key>
<key name="ex"> 38,92, </key>
<key name="exact"> 0,102,59,92,41,103,80,126,62, </key>
<key name="exampl"> 67,113,100,88,38,70,102,52,7,71,8,72,26,59,60,35,61,90,53,119,120,103,104,98,17,106,124,54,64,126,44,56,112,33,57,107,62,77, </key>
<key name="excel"> 88,103,106,107, </key>
<key name="except"> 0,109,8,12,103,79,125,16,17,112,66, </key>
<key name="exception"> 103, </key>
<key name="exchang"> 63,98, </key>
<key name="execut"> 60,103,104,99,124,107, </key>
<key name="executabl"> 88,38,93, </key>
<key name="exist"> 67,52,23,71,59,35,120,80,124,43,56,57, </key>
<key name="expand"> 38,80, </key>
<key name="expect"> 114, </key>
<key name="expens"> 38, </key>
<key name="expir"> 118,119, </key>
<key name="explain"> 9,107, </key>
<key name="explanation"> 13, </key>
<key name="explor"> 69, </key>
<key name="export"> 63,27,124,22, </key>
<key name="extend"> 127, </key>
<key name="extension"> 38,92,106, </key>
<key name="external"> 10,54,32,57,58, </key>
<key name="extra"> 74, </key>
<key name="fac"> 57, </key>
<key name="facilitat"> 1,28, </key>
<key name="fact"> 44, </key>
<key name="fad"> 15, </key>
<key name="familiar"> 51,107, </key>
<key name="fast"> 119,41, </key>
<key name="favorit"> 124,83, </key>
<key name="fe"> 71,83, </key>
<key name="featur"> 63,129,1,101,70,24,74,28,61,119,34,121,122,93,94,103,104,125,114,99,124,84,64,126,44,112,57,107,21,127,22,66,77, </key>
<key name="february"> 103, </key>
<key name="feed"> 83, </key>
<key name="few"> 40,30,76,31,106,44, </key>
<key name="field"> 2,109,37,116,51,23,39,24,8,72,10,13,59,60,40,120,104,98,16,17,106,123,124,32,83,20,44,45, </key>
<key name="fil"> 63,100,37,88,38,51,7,23,27,59,40,61,30,92,93,41,94,103,104,78,97,106,124,32,57,107,58, </key>
<key name="filenam"> 38,103,106, </key>
<key name="fill"> 95, </key>
<key name="filt"> 115,102,59,60,61,95,125,80,75,62,65, </key>
<key name="filter"> 63,70,102,60,35,61,93,41,124,75,65, </key>
<key name="fin"> 75,65, </key>
<key name="finaliz"> 2, </key>
<key name="find"> 2,100,109,38,24,8,103,104,114,16,17,83,75,108,112,107,65, </key>
<key name="finish"> 60, </key>
<key name="firefox"> 69, </key>
<key name="first"> 1,2,69,6,23,39,26,60,34,93,41,31,103,104,95,125,106,19,124,20,44, </key>
<key name="fit"> 64, </key>
<key name="fiv"> 2,124, </key>
<key name="fix"> 113, </key>
<key name="flag"> 109,101,59,111,61,34,103, </key>
<key name="float"> 62, </key>
<key name="fold"> 67,48,3,113,68,101,50,70,52,39,71,72,10,25,73,59,60,74,35,61,90,120,34,121,76,87,103,78,95,97,79,80,42,114,105,81,124,54,32,83,75,85,112,65,77, </key>
<key name="folder"> 67,63,113,101,70,52,71,72,73,59,60,74,35,90,120,34,76,87,78,79,80,124,83,75,64,112,77, </key>
<key name="follow"> 63,0,1,2,113,100,68,38,101,6,115,8,10,59,60,74,35,53,120,41,103,78,114,16,17,106,124,54,32,75,64,44,112,107,66,77,86, </key>
<key name="followup"> 124, </key>
<key name="font"> 49,39,124,46,57, </key>
<key name="forev"> 73, </key>
<key name="forget"> 117, </key>
<key name="format"> 37,38,51,39,89,27,30,120,94,103,124,46,55,56,57,58, </key>
<key name="forth"> 98,64, </key>
<key name="forward"> 63,113,101,59,60,40,35,120,121,79,80,123,124,126,112, </key>
<key name="four"> 8, </key>
<key name="fragment"> 95, </key>
<key name="fram"> 101, </key>
<key name="fre"> 63,1,2,5,102,8,16,17,18,19,62,22, </key>
<key name="friday"> 6,41, </key>
<key name="friend"> 120, </key>
<key name="full"> 63,1,29,50,10,59,119,104,78,54,32,43,44,22,77, </key>
<key name="function"> 7,64,57, </key>
<key name="functionality"> 57, </key>
<key name="furth"> 68,8,61, </key>
<key name="futur"> 74, </key>
<key name="fwd"> 35, </key>
<key name="g"> 88, </key>
<key name="gal"> 24,26,28,104, </key>
<key name="general"> 69,116,115,39,92,41,103,124,46,66,86, </key>
<key name="generat"> 59,41,43, </key>
<key name="get"> 9,90,121,92,93, </key>
<key name="gif"> 37,38, </key>
<key name="gift"> 62, </key>
<key name="giv"> 9,60,57,58, </key>
<key name="global"> 39,8,28,104,16,17,124,33,107, </key>
<key name="go"> 129,2,8,72,27,59,60,90,30,120,34,16,17,124,84,107,66,86, </key>
<key name="good"> 69,119,96,56, </key>
<key name="got"> 91, </key>
<key name="grammar"> 103, </key>
<key name="grant"> 48,3,10,53,54,32, </key>
<key name="grante"> 50,10,54,32,22, </key>
<key name="grantor"> 48,3,50,9,10,53,32, </key>
<key name="graphic"> 63,38, </key>
<key name="graphical"> 38,114, </key>
<key name="gray"> 23, </key>
<key name="great"> 103, </key>
<key name="green"> 4, </key>
<key name="group"> 63,1,70,23,24,10,26,60,35,61,34,31,95,124,54,32,56,22, </key>
<key name="grow"> 44, </key>
<key name="guest"> 10,54,32, </key>
<key name="gui"> 114, </key>
<key name="guidelin"> 69, </key>
<key name="habit"> 114, </key>
<key name="hand"> 109,74,76,75,85,64, </key>
<key name="handl"> 124,75,65, </key>
<key name="happen"> 35,118,78,44, </key>
<key name="hav"> 61,120,91, </key>
<key name="haven"> 92, </key>
<key name="head"> 29,5,101,51,23,59,61,53,120,93,103,96,98,80,62, </key>
<key name="header"> 101,59,41,80,64, </key>
<key name="heading"> 57, </key>
<key name="health"> 41, </key>
<key name="hello"> 103, </key>
<key name="help"> 63,115,120,75,65,66,77, </key>
<key name="her"> 2,38,74,119,96,17,106,124, </key>
<key name="hid"> 44, </key>
<key name="hierarchy"> 52, </key>
<key name="high"> 63,106, </key>
<key name="highlight"> 0,68,35,82,75,44,47,65, </key>
<key name="hint"> 56, </key>
<key name="holiday"> 52, </key>
<key name="hom"> 113,22,77, </key>
<key name="horizontal"> 8,16,17,19, </key>
<key name="host"> 113, </key>
<key name="hour"> 2,101,8,17,20, </key>
<key name="hov"> 129,0, </key>
<key name="how"> 49,116,23,35,90,119,120,34,91,41,14,87,78,95,98,124,56,57,107,127, </key>
<key name="htm"> 38, </key>
<key name="html"> 63,37,88,38,51,39,89,119,120,93,124,46,55,56,57,107,58, </key>
<key name="http"> 119, </key>
<key name="i"> 59,90,118,120,92,114,124,44,127, </key>
<key name="ical"> 7, </key>
<key name="icon"> 49,113,24,111,120,31,104,99,64,57,77, </key>
<key name="id"> 103, </key>
<key name="identify"> 113,61,121,123,124,64,57, </key>
<key name="identiti"> 63,39,120,98,124,126, </key>
<key name="identity"> 113,39,120,124,126, </key>
<key name="if"> 129,0,2,48,3,29,100,109,88,38,69,101,116,51,52,39,24,8,72,73,11,13,89,59,60,74,35,61,117,118,53,119,120,34,121,92,76,122,93,41,31,14,103,78,95,96,98,15,80,114,105,16,17,18,99,19,123,124,54,75,84,20,43,64,126,44,45,55,56,57,107,21,22,65,66,77, </key>
<key name="ignor"> 59, </key>
<key name="iii"> 103, </key>

</ftswdata>  
